departureId,routeId,routeName,originDeparture,departureMinute,bandOrdinal,serviceWindow,serviceDayHints,selectedPatternId,patternMatchStatus,status,serviceRuleRaw,departureRuleRaw,departureRemarkRaw
1a:07:40:b0,1a,1A Main Campus,07:40,40,0,07:40–18:50,monday|tuesday|wednesday|thursday|friday|saturday|except_public_holiday,1a:default,unique,scheduled_departure_candidate,07:40-18:50 For Mon to Sat (Except Public Holidays),"Every 10, 20, 40, 50",
1a:07:50:b0,1a,1A Main Campus,07:50,50,0,07:40–18:50,monday|tuesday|wednesday|thursday|friday|saturday|except_public_holiday,1a:default,unique,scheduled_departure_candidate,07:40-18:50 For Mon to Sat (Except Public Holidays),"Every 10, 20, 40, 50",
1a:08:10:b0,1a,1A Main Campus,08:10,10,0,07:40–18:50,monday|tuesday|wednesday|thursday|friday|saturday|except_public_holiday,1a:default,unique,scheduled_departure_candidate,07:40-18:50 For Mon to Sat (Except Public Holidays),"Every 10, 20, 40, 50",
1a:08:20:b0,1a,1A Main Campus,08:20,20,0,07:40–18:50,monday|tuesday|wednesday|thursday|friday|saturday|except_public_holiday,1a:default,unique,scheduled_departure_candidate,07:40-18:50 For Mon to Sat (Except Public Holidays),"Every 10, 20, 40, 50",
1a:08:40:b0,1a,1A Main Campus,08:40,40,0,07:40–18:50,monday|tuesday|wednesday|thursday|friday|saturday|except_public_holiday,1a:default,unique,scheduled_departure_candidate,07:40-18:50 For Mon to Sat (Except Public Holidays),"Every 10, 20, 40, 50",
1a:08:50:b0,1a,1A Main Campus,08:50,50,0,07:40–18:50,monday|tuesday|wednesday|thursday|friday|saturday|except_public_holiday,1a:default,unique,scheduled_departure_candidate,07:40-18:50 For Mon to Sat (Except Public Holidays),"Every 10, 20, 40, 50",
1a:09:10:b0,1a,1A Main Campus,09:10,10,0,07:40–18:50,monday|tuesday|wednesday|thursday|friday|saturday|except_public_holiday,1a:default,unique,scheduled_departure_candidate,07:40-18:50 For Mon to Sat (Except Public Holidays),"Every 10, 20, 40, 50",
1a:09:20:b0,1a,1A Main Campus,09:20,20,0,07:40–18:50,monday|tuesday|wednesday|thursday|friday|saturday|except_public_holiday,1a:default,unique,scheduled_departure_candidate,07:40-18:50 For Mon to Sat (Except Public Holidays),"Every 10, 20, 40, 50",
1a:09:40:b0,1a,1A Main Campus,09:40,40,0,07:40–18:50,monday|tuesday|wednesday|thursday|friday|saturday|except_public_holiday,1a:default,unique,scheduled_departure_candidate,07:40-18:50 For Mon to Sat (Except Public Holidays),"Every 10, 20, 40, 50",
1a:09:50:b0,1a,1A Main Campus,09:50,50,0,07:40–18:50,monday|tuesday|wednesday|thursday|friday|saturday|except_public_holiday,1a:default,unique,scheduled_departure_candidate,07:40-18:50 For Mon to Sat (Except Public Holidays),"Every 10, 20, 40, 50",
1a:10:10:b0,1a,1A Main Campus,10:10,10,0,07:40–18:50,monday|tuesday|wednesday|thursday|friday|saturday|except_public_holiday,1a:default,unique,scheduled_departure_candidate,07:40-18:50 For Mon to Sat (Except Public Holidays),"Every 10, 20, 40, 50",
1a:10:20:b0,1a,1A Main Campus,10:20,20,0,07:40–18:50,monday|tuesday|wednesday|thursday|friday|saturday|except_public_holiday,1a:default,unique,scheduled_departure_candidate,07:40-18:50 For Mon to Sat (Except Public Holidays),"Every 10, 20, 40, 50",
1a:10:40:b0,1a,1A Main Campus,10:40,40,0,07:40–18:50,monday|tuesday|wednesday|thursday|friday|saturday|except_public_holiday,1a:default,unique,scheduled_departure_candidate,07:40-18:50 For Mon to Sat (Except Public Holidays),"Every 10, 20, 40, 50",
1a:10:50:b0,1a,1A Main Campus,10:50,50,0,07:40–18:50,monday|tuesday|wednesday|thursday|friday|saturday|except_public_holiday,1a:default,unique,scheduled_departure_candidate,07:40-18:50 For Mon to Sat (Except Public Holidays),"Every 10, 20, 40, 50",
1a:11:10:b0,1a,1A Main Campus,11:10,10,0,07:40–18:50,monday|tuesday|wednesday|thursday|friday|saturday|except_public_holiday,1a:default,unique,scheduled_departure_candidate,07:40-18:50 For Mon to Sat (Except Public Holidays),"Every 10, 20, 40, 50",
1a:11:20:b0,1a,1A Main Campus,11:20,20,0,07:40–18:50,monday|tuesday|wednesday|thursday|friday|saturday|except_public_holiday,1a:default,unique,scheduled_departure_candidate,07:40-18:50 For Mon to Sat (Except Public Holidays),"Every 10, 20, 40, 50",
1a:11:40:b0,1a,1A Main Campus,11:40,40,0,07:40–18:50,monday|tuesday|wednesday|thursday|friday|saturday|except_public_holiday,1a:default,unique,scheduled_departure_candidate,07:40-18:50 For Mon to Sat (Except Public Holidays),"Every 10, 20, 40, 50",
1a:11:50:b0,1a,1A Main Campus,11:50,50,0,07:40–18:50,monday|tuesday|wednesday|thursday|friday|saturday|except_public_holiday,1a:default,unique,scheduled_departure_candidate,07:40-18:50 For Mon to Sat (Except Public Holidays),"Every 10, 20, 40, 50",
1a:12:10:b0,1a,1A Main Campus,12:10,10,0,07:40–18:50,monday|tuesday|wednesday|thursday|friday|saturday|except_public_holiday,1a:default,unique,scheduled_departure_candidate,07:40-18:50 For Mon to Sat (Except Public Holidays),"Every 10, 20, 40, 50",
1a:12:20:b0,1a,1A Main Campus,12:20,20,0,07:40–18:50,monday|tuesday|wednesday|thursday|friday|saturday|except_public_holiday,1a:default,unique,scheduled_departure_candidate,07:40-18:50 For Mon to Sat (Except Public Holidays),"Every 10, 20, 40, 50",
1a:12:40:b0,1a,1A Main Campus,12:40,40,0,07:40–18:50,monday|tuesday|wednesday|thursday|friday|saturday|except_public_holiday,1a:default,unique,scheduled_departure_candidate,07:40-18:50 For Mon to Sat (Except Public Holidays),"Every 10, 20, 40, 50",
1a:12:50:b0,1a,1A Main Campus,12:50,50,0,07:40–18:50,monday|tuesday|wednesday|thursday|friday|saturday|except_public_holiday,1a:default,unique,scheduled_departure_candidate,07:40-18:50 For Mon to Sat (Except Public Holidays),"Every 10, 20, 40, 50",
1a:13:10:b0,1a,1A Main Campus,13:10,10,0,07:40–18:50,monday|tuesday|wednesday|thursday|friday|saturday|except_public_holiday,1a:default,unique,scheduled_departure_candidate,07:40-18:50 For Mon to Sat (Except Public Holidays),"Every 10, 20, 40, 50",
1a:13:20:b0,1a,1A Main Campus,13:20,20,0,07:40–18:50,monday|tuesday|wednesday|thursday|friday|saturday|except_public_holiday,1a:default,unique,scheduled_departure_candidate,07:40-18:50 For Mon to Sat (Except Public Holidays),"Every 10, 20, 40, 50",
1a:13:40:b0,1a,1A Main Campus,13:40,40,0,07:40–18:50,monday|tuesday|wednesday|thursday|friday|saturday|except_public_holiday,1a:default,unique,scheduled_departure_candidate,07:40-18:50 For Mon to Sat (Except Public Holidays),"Every 10, 20, 40, 50",
1a:13:50:b0,1a,1A Main Campus,13:50,50,0,07:40–18:50,monday|tuesday|wednesday|thursday|friday|saturday|except_public_holiday,1a:default,unique,scheduled_departure_candidate,07:40-18:50 For Mon to Sat (Except Public Holidays),"Every 10, 20, 40, 50",
1a:14:10:b0,1a,1A Main Campus,14:10,10,0,07:40–18:50,monday|tuesday|wednesday|thursday|friday|saturday|except_public_holiday,1a:default,unique,scheduled_departure_candidate,07:40-18:50 For Mon to Sat (Except Public Holidays),"Every 10, 20, 40, 50",
1a:14:20:b0,1a,1A Main Campus,14:20,20,0,07:40–18:50,monday|tuesday|wednesday|thursday|friday|saturday|except_public_holiday,1a:default,unique,scheduled_departure_candidate,07:40-18:50 For Mon to Sat (Except Public Holidays),"Every 10, 20, 40, 50",
1a:14:40:b0,1a,1A Main Campus,14:40,40,0,07:40–18:50,monday|tuesday|wednesday|thursday|friday|saturday|except_public_holiday,1a:default,unique,scheduled_departure_candidate,07:40-18:50 For Mon to Sat (Except Public Holidays),"Every 10, 20, 40, 50",
1a:14:50:b0,1a,1A Main Campus,14:50,50,0,07:40–18:50,monday|tuesday|wednesday|thursday|friday|saturday|except_public_holiday,1a:default,unique,scheduled_departure_candidate,07:40-18:50 For Mon to Sat (Except Public Holidays),"Every 10, 20, 40, 50",
1a:15:10:b0,1a,1A Main Campus,15:10,10,0,07:40–18:50,monday|tuesday|wednesday|thursday|friday|saturday|except_public_holiday,1a:default,unique,scheduled_departure_candidate,07:40-18:50 For Mon to Sat (Except Public Holidays),"Every 10, 20, 40, 50",
1a:15:20:b0,1a,1A Main Campus,15:20,20,0,07:40–18:50,monday|tuesday|wednesday|thursday|friday|saturday|except_public_holiday,1a:default,unique,scheduled_departure_candidate,07:40-18:50 For Mon to Sat (Except Public Holidays),"Every 10, 20, 40, 50",
1a:15:40:b0,1a,1A Main Campus,15:40,40,0,07:40–18:50,monday|tuesday|wednesday|thursday|friday|saturday|except_public_holiday,1a:default,unique,scheduled_departure_candidate,07:40-18:50 For Mon to Sat (Except Public Holidays),"Every 10, 20, 40, 50",
1a:15:50:b0,1a,1A Main Campus,15:50,50,0,07:40–18:50,monday|tuesday|wednesday|thursday|friday|saturday|except_public_holiday,1a:default,unique,scheduled_departure_candidate,07:40-18:50 For Mon to Sat (Except Public Holidays),"Every 10, 20, 40, 50",
1a:16:10:b0,1a,1A Main Campus,16:10,10,0,07:40–18:50,monday|tuesday|wednesday|thursday|friday|saturday|except_public_holiday,1a:default,unique,scheduled_departure_candidate,07:40-18:50 For Mon to Sat (Except Public Holidays),"Every 10, 20, 40, 50",
1a:16:20:b0,1a,1A Main Campus,16:20,20,0,07:40–18:50,monday|tuesday|wednesday|thursday|friday|saturday|except_public_holiday,1a:default,unique,scheduled_departure_candidate,07:40-18:50 For Mon to Sat (Except Public Holidays),"Every 10, 20, 40, 50",
1a:16:40:b0,1a,1A Main Campus,16:40,40,0,07:40–18:50,monday|tuesday|wednesday|thursday|friday|saturday|except_public_holiday,1a:default,unique,scheduled_departure_candidate,07:40-18:50 For Mon to Sat (Except Public Holidays),"Every 10, 20, 40, 50",
1a:16:50:b0,1a,1A Main Campus,16:50,50,0,07:40–18:50,monday|tuesday|wednesday|thursday|friday|saturday|except_public_holiday,1a:default,unique,scheduled_departure_candidate,07:40-18:50 For Mon to Sat (Except Public Holidays),"Every 10, 20, 40, 50",
1a:17:10:b0,1a,1A Main Campus,17:10,10,0,07:40–18:50,monday|tuesday|wednesday|thursday|friday|saturday|except_public_holiday,1a:default,unique,scheduled_departure_candidate,07:40-18:50 For Mon to Sat (Except Public Holidays),"Every 10, 20, 40, 50",
1a:17:20:b0,1a,1A Main Campus,17:20,20,0,07:40–18:50,monday|tuesday|wednesday|thursday|friday|saturday|except_public_holiday,1a:default,unique,scheduled_departure_candidate,07:40-18:50 For Mon to Sat (Except Public Holidays),"Every 10, 20, 40, 50",
1a:17:40:b0,1a,1A Main Campus,17:40,40,0,07:40–18:50,monday|tuesday|wednesday|thursday|friday|saturday|except_public_holiday,1a:default,unique,scheduled_departure_candidate,07:40-18:50 For Mon to Sat (Except Public Holidays),"Every 10, 20, 40, 50",
1a:17:50:b0,1a,1A Main Campus,17:50,50,0,07:40–18:50,monday|tuesday|wednesday|thursday|friday|saturday|except_public_holiday,1a:default,unique,scheduled_departure_candidate,07:40-18:50 For Mon to Sat (Except Public Holidays),"Every 10, 20, 40, 50",
1a:18:10:b0,1a,1A Main Campus,18:10,10,0,07:40–18:50,monday|tuesday|wednesday|thursday|friday|saturday|except_public_holiday,1a:default,unique,scheduled_departure_candidate,07:40-18:50 For Mon to Sat (Except Public Holidays),"Every 10, 20, 40, 50",
1a:18:20:b0,1a,1A Main Campus,18:20,20,0,07:40–18:50,monday|tuesday|wednesday|thursday|friday|saturday|except_public_holiday,1a:default,unique,scheduled_departure_candidate,07:40-18:50 For Mon to Sat (Except Public Holidays),"Every 10, 20, 40, 50",
1a:18:40:b0,1a,1A Main Campus,18:40,40,0,07:40–18:50,monday|tuesday|wednesday|thursday|friday|saturday|except_public_holiday,1a:default,unique,scheduled_departure_candidate,07:40-18:50 For Mon to Sat (Except Public Holidays),"Every 10, 20, 40, 50",
1a:18:50:b0,1a,1A Main Campus,18:50,50,0,07:40–18:50,monday|tuesday|wednesday|thursday|friday|saturday|except_public_holiday,1a:default,unique,scheduled_departure_candidate,07:40-18:50 For Mon to Sat (Except Public Holidays),"Every 10, 20, 40, 50",
1b:08:00:b0,1b,1B Main Campus,08:00,0,0,08:00–18:30,monday|tuesday|wednesday|thursday|friday|saturday|except_public_holiday,1b:via-pgh1,unique,scheduled_departure_candidate,08:00 - 18:30 For Mon to Sat only (Except Public Holidays),"00, 30",
1b:08:30:b0,1b,1B Main Campus,08:30,30,0,08:00–18:30,monday|tuesday|wednesday|thursday|friday|saturday|except_public_holiday,1b:via-pgh1,unique,scheduled_departure_candidate,08:00 - 18:30 For Mon to Sat only (Except Public Holidays),"00, 30",
1b:09:00:b0,1b,1B Main Campus,09:00,0,0,08:00–18:30,monday|tuesday|wednesday|thursday|friday|saturday|except_public_holiday,1b:via-pgh1,unique,scheduled_departure_candidate,08:00 - 18:30 For Mon to Sat only (Except Public Holidays),"00, 30",
1b:09:30:b0,1b,1B Main Campus,09:30,30,0,08:00–18:30,monday|tuesday|wednesday|thursday|friday|saturday|except_public_holiday,1b:via-pgh1,unique,scheduled_departure_candidate,08:00 - 18:30 For Mon to Sat only (Except Public Holidays),"00, 30",
1b:10:00:b0,1b,1B Main Campus,10:00,0,0,08:00–18:30,monday|tuesday|wednesday|thursday|friday|saturday|except_public_holiday,1b:via-pgh1,unique,scheduled_departure_candidate,08:00 - 18:30 For Mon to Sat only (Except Public Holidays),"00, 30",
1b:10:30:b0,1b,1B Main Campus,10:30,30,0,08:00–18:30,monday|tuesday|wednesday|thursday|friday|saturday|except_public_holiday,1b:via-pgh1,unique,scheduled_departure_candidate,08:00 - 18:30 For Mon to Sat only (Except Public Holidays),"00, 30",
1b:11:00:b0,1b,1B Main Campus,11:00,0,0,08:00–18:30,monday|tuesday|wednesday|thursday|friday|saturday|except_public_holiday,1b:via-pgh1,unique,scheduled_departure_candidate,08:00 - 18:30 For Mon to Sat only (Except Public Holidays),"00, 30",
1b:11:30:b0,1b,1B Main Campus,11:30,30,0,08:00–18:30,monday|tuesday|wednesday|thursday|friday|saturday|except_public_holiday,1b:via-pgh1,unique,scheduled_departure_candidate,08:00 - 18:30 For Mon to Sat only (Except Public Holidays),"00, 30",
1b:12:00:b0,1b,1B Main Campus,12:00,0,0,08:00–18:30,monday|tuesday|wednesday|thursday|friday|saturday|except_public_holiday,1b:via-pgh1,unique,scheduled_departure_candidate,08:00 - 18:30 For Mon to Sat only (Except Public Holidays),"00, 30",
1b:12:30:b0,1b,1B Main Campus,12:30,30,0,08:00–18:30,monday|tuesday|wednesday|thursday|friday|saturday|except_public_holiday,1b:via-pgh1,unique,scheduled_departure_candidate,08:00 - 18:30 For Mon to Sat only (Except Public Holidays),"00, 30",
1b:13:00:b0,1b,1B Main Campus,13:00,0,0,08:00–18:30,monday|tuesday|wednesday|thursday|friday|saturday|except_public_holiday,1b:via-pgh1,unique,scheduled_departure_candidate,08:00 - 18:30 For Mon to Sat only (Except Public Holidays),"00, 30",
1b:13:30:b0,1b,1B Main Campus,13:30,30,0,08:00–18:30,monday|tuesday|wednesday|thursday|friday|saturday|except_public_holiday,1b:via-pgh1,unique,scheduled_departure_candidate,08:00 - 18:30 For Mon to Sat only (Except Public Holidays),"00, 30",
1b:14:00:b0,1b,1B Main Campus,14:00,0,0,08:00–18:30,monday|tuesday|wednesday|thursday|friday|saturday|except_public_holiday,1b:via-pgh1,unique,scheduled_departure_candidate,08:00 - 18:30 For Mon to Sat only (Except Public Holidays),"00, 30",
1b:14:30:b0,1b,1B Main Campus,14:30,30,0,08:00–18:30,monday|tuesday|wednesday|thursday|friday|saturday|except_public_holiday,1b:via-pgh1,unique,scheduled_departure_candidate,08:00 - 18:30 For Mon to Sat only (Except Public Holidays),"00, 30",
1b:15:00:b0,1b,1B Main Campus,15:00,0,0,08:00–18:30,monday|tuesday|wednesday|thursday|friday|saturday|except_public_holiday,1b:via-pgh1,unique,scheduled_departure_candidate,08:00 - 18:30 For Mon to Sat only (Except Public Holidays),"00, 30",
1b:15:30:b0,1b,1B Main Campus,15:30,30,0,08:00–18:30,monday|tuesday|wednesday|thursday|friday|saturday|except_public_holiday,1b:via-pgh1,unique,scheduled_departure_candidate,08:00 - 18:30 For Mon to Sat only (Except Public Holidays),"00, 30",
1b:16:00:b0,1b,1B Main Campus,16:00,0,0,08:00–18:30,monday|tuesday|wednesday|thursday|friday|saturday|except_public_holiday,1b:via-pgh1,unique,scheduled_departure_candidate,08:00 - 18:30 For Mon to Sat only (Except Public Holidays),"00, 30",
1b:16:30:b0,1b,1B Main Campus,16:30,30,0,08:00–18:30,monday|tuesday|wednesday|thursday|friday|saturday|except_public_holiday,1b:via-pgh1,unique,scheduled_departure_candidate,08:00 - 18:30 For Mon to Sat only (Except Public Holidays),"00, 30",
1b:17:00:b0,1b,1B Main Campus,17:00,0,0,08:00–18:30,monday|tuesday|wednesday|thursday|friday|saturday|except_public_holiday,1b:via-pgh1,unique,scheduled_departure_candidate,08:00 - 18:30 For Mon to Sat only (Except Public Holidays),"00, 30",
1b:17:30:b0,1b,1B Main Campus,17:30,30,0,08:00–18:30,monday|tuesday|wednesday|thursday|friday|saturday|except_public_holiday,1b:via-pgh1,unique,scheduled_departure_candidate,08:00 - 18:30 For Mon to Sat only (Except Public Holidays),"00, 30",
1b:18:00:b0,1b,1B Main Campus,18:00,0,0,08:00–18:30,monday|tuesday|wednesday|thursday|friday|saturday|except_public_holiday,1b:via-pgh1,unique,scheduled_departure_candidate,08:00 - 18:30 For Mon to Sat only (Except Public Holidays),"00, 30",
1b:18:30:b0,1b,1B Main Campus,18:30,30,0,08:00–18:30,monday|tuesday|wednesday|thursday|friday|saturday|except_public_holiday,1b:via-pgh1,unique,scheduled_departure_candidate,08:00 - 18:30 For Mon to Sat only (Except Public Holidays),"00, 30",
2:07:45:b0,2,2 NA / UC,07:45,45,0,07:45–18:45,monday|tuesday|wednesday|thursday|friday|saturday|except_public_holiday,2:via-shaw-hall,unique,scheduled_departure_candidate,07:45 - 18:45 For Mon to Sat (Except Public Holidays),"＃00, 15, 30,＃45 ＃Buses departing from 31 to 00 minutes will stop at Sir Run Run Shaw Hall",Buses departing from 31 to 00 minutes will stop at Sir Run Run Shaw Hall
2:08:00:b0,2,2 NA / UC,08:00,0,0,07:45–18:45,monday|tuesday|wednesday|thursday|friday|saturday|except_public_holiday,2:via-shaw-hall,unique,scheduled_departure_candidate,07:45 - 18:45 For Mon to Sat (Except Public Holidays),"＃00, 15, 30,＃45 ＃Buses departing from 31 to 00 minutes will stop at Sir Run Run Shaw Hall",Buses departing from 31 to 00 minutes will stop at Sir Run Run Shaw Hall
2:08:15:b0,2,2 NA / UC,08:15,15,0,07:45–18:45,monday|tuesday|wednesday|thursday|friday|saturday|except_public_holiday,2:default,unique,scheduled_departure_candidate,07:45 - 18:45 For Mon to Sat (Except Public Holidays),"＃00, 15, 30,＃45 ＃Buses departing from 31 to 00 minutes will stop at Sir Run Run Shaw Hall",Buses departing from 31 to 00 minutes will stop at Sir Run Run Shaw Hall
2:08:30:b0,2,2 NA / UC,08:30,30,0,07:45–18:45,monday|tuesday|wednesday|thursday|friday|saturday|except_public_holiday,2:default,unique,scheduled_departure_candidate,07:45 - 18:45 For Mon to Sat (Except Public Holidays),"＃00, 15, 30,＃45 ＃Buses departing from 31 to 00 minutes will stop at Sir Run Run Shaw Hall",Buses departing from 31 to 00 minutes will stop at Sir Run Run Shaw Hall
2:08:45:b0,2,2 NA / UC,08:45,45,0,07:45–18:45,monday|tuesday|wednesday|thursday|friday|saturday|except_public_holiday,2:via-shaw-hall,unique,scheduled_departure_candidate,07:45 - 18:45 For Mon to Sat (Except Public Holidays),"＃00, 15, 30,＃45 ＃Buses departing from 31 to 00 minutes will stop at Sir Run Run Shaw Hall",Buses departing from 31 to 00 minutes will stop at Sir Run Run Shaw Hall
2:09:00:b0,2,2 NA / UC,09:00,0,0,07:45–18:45,monday|tuesday|wednesday|thursday|friday|saturday|except_public_holiday,2:via-shaw-hall,unique,scheduled_departure_candidate,07:45 - 18:45 For Mon to Sat (Except Public Holidays),"＃00, 15, 30,＃45 ＃Buses departing from 31 to 00 minutes will stop at Sir Run Run Shaw Hall",Buses departing from 31 to 00 minutes will stop at Sir Run Run Shaw Hall
2:09:15:b0,2,2 NA / UC,09:15,15,0,07:45–18:45,monday|tuesday|wednesday|thursday|friday|saturday|except_public_holiday,2:default,unique,scheduled_departure_candidate,07:45 - 18:45 For Mon to Sat (Except Public Holidays),"＃00, 15, 30,＃45 ＃Buses departing from 31 to 00 minutes will stop at Sir Run Run Shaw Hall",Buses departing from 31 to 00 minutes will stop at Sir Run Run Shaw Hall
2:09:30:b0,2,2 NA / UC,09:30,30,0,07:45–18:45,monday|tuesday|wednesday|thursday|friday|saturday|except_public_holiday,2:default,unique,scheduled_departure_candidate,07:45 - 18:45 For Mon to Sat (Except Public Holidays),"＃00, 15, 30,＃45 ＃Buses departing from 31 to 00 minutes will stop at Sir Run Run Shaw Hall",Buses departing from 31 to 00 minutes will stop at Sir Run Run Shaw Hall
2:09:45:b0,2,2 NA / UC,09:45,45,0,07:45–18:45,monday|tuesday|wednesday|thursday|friday|saturday|except_public_holiday,2:via-shaw-hall,unique,scheduled_departure_candidate,07:45 - 18:45 For Mon to Sat (Except Public Holidays),"＃00, 15, 30,＃45 ＃Buses departing from 31 to 00 minutes will stop at Sir Run Run Shaw Hall",Buses departing from 31 to 00 minutes will stop at Sir Run Run Shaw Hall
2:10:00:b0,2,2 NA / UC,10:00,0,0,07:45–18:45,monday|tuesday|wednesday|thursday|friday|saturday|except_public_holiday,2:via-shaw-hall,unique,scheduled_departure_candidate,07:45 - 18:45 For Mon to Sat (Except Public Holidays),"＃00, 15, 30,＃45 ＃Buses departing from 31 to 00 minutes will stop at Sir Run Run Shaw Hall",Buses departing from 31 to 00 minutes will stop at Sir Run Run Shaw Hall
2:10:15:b0,2,2 NA / UC,10:15,15,0,07:45–18:45,monday|tuesday|wednesday|thursday|friday|saturday|except_public_holiday,2:default,unique,scheduled_departure_candidate,07:45 - 18:45 For Mon to Sat (Except Public Holidays),"＃00, 15, 30,＃45 ＃Buses departing from 31 to 00 minutes will stop at Sir Run Run Shaw Hall",Buses departing from 31 to 00 minutes will stop at Sir Run Run Shaw Hall
2:10:30:b0,2,2 NA / UC,10:30,30,0,07:45–18:45,monday|tuesday|wednesday|thursday|friday|saturday|except_public_holiday,2:default,unique,scheduled_departure_candidate,07:45 - 18:45 For Mon to Sat (Except Public Holidays),"＃00, 15, 30,＃45 ＃Buses departing from 31 to 00 minutes will stop at Sir Run Run Shaw Hall",Buses departing from 31 to 00 minutes will stop at Sir Run Run Shaw Hall
2:10:45:b0,2,2 NA / UC,10:45,45,0,07:45–18:45,monday|tuesday|wednesday|thursday|friday|saturday|except_public_holiday,2:via-shaw-hall,unique,scheduled_departure_candidate,07:45 - 18:45 For Mon to Sat (Except Public Holidays),"＃00, 15, 30,＃45 ＃Buses departing from 31 to 00 minutes will stop at Sir Run Run Shaw Hall",Buses departing from 31 to 00 minutes will stop at Sir Run Run Shaw Hall
2:11:00:b0,2,2 NA / UC,11:00,0,0,07:45–18:45,monday|tuesday|wednesday|thursday|friday|saturday|except_public_holiday,2:via-shaw-hall,unique,scheduled_departure_candidate,07:45 - 18:45 For Mon to Sat (Except Public Holidays),"＃00, 15, 30,＃45 ＃Buses departing from 31 to 00 minutes will stop at Sir Run Run Shaw Hall",Buses departing from 31 to 00 minutes will stop at Sir Run Run Shaw Hall
2:11:15:b0,2,2 NA / UC,11:15,15,0,07:45–18:45,monday|tuesday|wednesday|thursday|friday|saturday|except_public_holiday,2:default,unique,scheduled_departure_candidate,07:45 - 18:45 For Mon to Sat (Except Public Holidays),"＃00, 15, 30,＃45 ＃Buses departing from 31 to 00 minutes will stop at Sir Run Run Shaw Hall",Buses departing from 31 to 00 minutes will stop at Sir Run Run Shaw Hall
2:11:30:b0,2,2 NA / UC,11:30,30,0,07:45–18:45,monday|tuesday|wednesday|thursday|friday|saturday|except_public_holiday,2:default,unique,scheduled_departure_candidate,07:45 - 18:45 For Mon to Sat (Except Public Holidays),"＃00, 15, 30,＃45 ＃Buses departing from 31 to 00 minutes will stop at Sir Run Run Shaw Hall",Buses departing from 31 to 00 minutes will stop at Sir Run Run Shaw Hall
2:11:45:b0,2,2 NA / UC,11:45,45,0,07:45–18:45,monday|tuesday|wednesday|thursday|friday|saturday|except_public_holiday,2:via-shaw-hall,unique,scheduled_departure_candidate,07:45 - 18:45 For Mon to Sat (Except Public Holidays),"＃00, 15, 30,＃45 ＃Buses departing from 31 to 00 minutes will stop at Sir Run Run Shaw Hall",Buses departing from 31 to 00 minutes will stop at Sir Run Run Shaw Hall
2:12:00:b0,2,2 NA / UC,12:00,0,0,07:45–18:45,monday|tuesday|wednesday|thursday|friday|saturday|except_public_holiday,2:via-shaw-hall,unique,scheduled_departure_candidate,07:45 - 18:45 For Mon to Sat (Except Public Holidays),"＃00, 15, 30,＃45 ＃Buses departing from 31 to 00 minutes will stop at Sir Run Run Shaw Hall",Buses departing from 31 to 00 minutes will stop at Sir Run Run Shaw Hall
2:12:15:b0,2,2 NA / UC,12:15,15,0,07:45–18:45,monday|tuesday|wednesday|thursday|friday|saturday|except_public_holiday,2:default,unique,scheduled_departure_candidate,07:45 - 18:45 For Mon to Sat (Except Public Holidays),"＃00, 15, 30,＃45 ＃Buses departing from 31 to 00 minutes will stop at Sir Run Run Shaw Hall",Buses departing from 31 to 00 minutes will stop at Sir Run Run Shaw Hall
2:12:30:b0,2,2 NA / UC,12:30,30,0,07:45–18:45,monday|tuesday|wednesday|thursday|friday|saturday|except_public_holiday,2:default,unique,scheduled_departure_candidate,07:45 - 18:45 For Mon to Sat (Except Public Holidays),"＃00, 15, 30,＃45 ＃Buses departing from 31 to 00 minutes will stop at Sir Run Run Shaw Hall",Buses departing from 31 to 00 minutes will stop at Sir Run Run Shaw Hall
2:12:45:b0,2,2 NA / UC,12:45,45,0,07:45–18:45,monday|tuesday|wednesday|thursday|friday|saturday|except_public_holiday,2:via-shaw-hall,unique,scheduled_departure_candidate,07:45 - 18:45 For Mon to Sat (Except Public Holidays),"＃00, 15, 30,＃45 ＃Buses departing from 31 to 00 minutes will stop at Sir Run Run Shaw Hall",Buses departing from 31 to 00 minutes will stop at Sir Run Run Shaw Hall
2:13:00:b0,2,2 NA / UC,13:00,0,0,07:45–18:45,monday|tuesday|wednesday|thursday|friday|saturday|except_public_holiday,2:via-shaw-hall,unique,scheduled_departure_candidate,07:45 - 18:45 For Mon to Sat (Except Public Holidays),"＃00, 15, 30,＃45 ＃Buses departing from 31 to 00 minutes will stop at Sir Run Run Shaw Hall",Buses departing from 31 to 00 minutes will stop at Sir Run Run Shaw Hall
2:13:15:b0,2,2 NA / UC,13:15,15,0,07:45–18:45,monday|tuesday|wednesday|thursday|friday|saturday|except_public_holiday,2:default,unique,scheduled_departure_candidate,07:45 - 18:45 For Mon to Sat (Except Public Holidays),"＃00, 15, 30,＃45 ＃Buses departing from 31 to 00 minutes will stop at Sir Run Run Shaw Hall",Buses departing from 31 to 00 minutes will stop at Sir Run Run Shaw Hall
2:13:30:b0,2,2 NA / UC,13:30,30,0,07:45–18:45,monday|tuesday|wednesday|thursday|friday|saturday|except_public_holiday,2:default,unique,scheduled_departure_candidate,07:45 - 18:45 For Mon to Sat (Except Public Holidays),"＃00, 15, 30,＃45 ＃Buses departing from 31 to 00 minutes will stop at Sir Run Run Shaw Hall",Buses departing from 31 to 00 minutes will stop at Sir Run Run Shaw Hall
2:13:45:b0,2,2 NA / UC,13:45,45,0,07:45–18:45,monday|tuesday|wednesday|thursday|friday|saturday|except_public_holiday,2:via-shaw-hall,unique,scheduled_departure_candidate,07:45 - 18:45 For Mon to Sat (Except Public Holidays),"＃00, 15, 30,＃45 ＃Buses departing from 31 to 00 minutes will stop at Sir Run Run Shaw Hall",Buses departing from 31 to 00 minutes will stop at Sir Run Run Shaw Hall
2:14:00:b0,2,2 NA / UC,14:00,0,0,07:45–18:45,monday|tuesday|wednesday|thursday|friday|saturday|except_public_holiday,2:via-shaw-hall,unique,scheduled_departure_candidate,07:45 - 18:45 For Mon to Sat (Except Public Holidays),"＃00, 15, 30,＃45 ＃Buses departing from 31 to 00 minutes will stop at Sir Run Run Shaw Hall",Buses departing from 31 to 00 minutes will stop at Sir Run Run Shaw Hall
2:14:15:b0,2,2 NA / UC,14:15,15,0,07:45–18:45,monday|tuesday|wednesday|thursday|friday|saturday|except_public_holiday,2:default,unique,scheduled_departure_candidate,07:45 - 18:45 For Mon to Sat (Except Public Holidays),"＃00, 15, 30,＃45 ＃Buses departing from 31 to 00 minutes will stop at Sir Run Run Shaw Hall",Buses departing from 31 to 00 minutes will stop at Sir Run Run Shaw Hall
2:14:30:b0,2,2 NA / UC,14:30,30,0,07:45–18:45,monday|tuesday|wednesday|thursday|friday|saturday|except_public_holiday,2:default,unique,scheduled_departure_candidate,07:45 - 18:45 For Mon to Sat (Except Public Holidays),"＃00, 15, 30,＃45 ＃Buses departing from 31 to 00 minutes will stop at Sir Run Run Shaw Hall",Buses departing from 31 to 00 minutes will stop at Sir Run Run Shaw Hall
2:14:45:b0,2,2 NA / UC,14:45,45,0,07:45–18:45,monday|tuesday|wednesday|thursday|friday|saturday|except_public_holiday,2:via-shaw-hall,unique,scheduled_departure_candidate,07:45 - 18:45 For Mon to Sat (Except Public Holidays),"＃00, 15, 30,＃45 ＃Buses departing from 31 to 00 minutes will stop at Sir Run Run Shaw Hall",Buses departing from 31 to 00 minutes will stop at Sir Run Run Shaw Hall
2:15:00:b0,2,2 NA / UC,15:00,0,0,07:45–18:45,monday|tuesday|wednesday|thursday|friday|saturday|except_public_holiday,2:via-shaw-hall,unique,scheduled_departure_candidate,07:45 - 18:45 For Mon to Sat (Except Public Holidays),"＃00, 15, 30,＃45 ＃Buses departing from 31 to 00 minutes will stop at Sir Run Run Shaw Hall",Buses departing from 31 to 00 minutes will stop at Sir Run Run Shaw Hall
2:15:15:b0,2,2 NA / UC,15:15,15,0,07:45–18:45,monday|tuesday|wednesday|thursday|friday|saturday|except_public_holiday,2:default,unique,scheduled_departure_candidate,07:45 - 18:45 For Mon to Sat (Except Public Holidays),"＃00, 15, 30,＃45 ＃Buses departing from 31 to 00 minutes will stop at Sir Run Run Shaw Hall",Buses departing from 31 to 00 minutes will stop at Sir Run Run Shaw Hall
2:15:30:b0,2,2 NA / UC,15:30,30,0,07:45–18:45,monday|tuesday|wednesday|thursday|friday|saturday|except_public_holiday,2:default,unique,scheduled_departure_candidate,07:45 - 18:45 For Mon to Sat (Except Public Holidays),"＃00, 15, 30,＃45 ＃Buses departing from 31 to 00 minutes will stop at Sir Run Run Shaw Hall",Buses departing from 31 to 00 minutes will stop at Sir Run Run Shaw Hall
2:15:45:b0,2,2 NA / UC,15:45,45,0,07:45–18:45,monday|tuesday|wednesday|thursday|friday|saturday|except_public_holiday,2:via-shaw-hall,unique,scheduled_departure_candidate,07:45 - 18:45 For Mon to Sat (Except Public Holidays),"＃00, 15, 30,＃45 ＃Buses departing from 31 to 00 minutes will stop at Sir Run Run Shaw Hall",Buses departing from 31 to 00 minutes will stop at Sir Run Run Shaw Hall
2:16:00:b0,2,2 NA / UC,16:00,0,0,07:45–18:45,monday|tuesday|wednesday|thursday|friday|saturday|except_public_holiday,2:via-shaw-hall,unique,scheduled_departure_candidate,07:45 - 18:45 For Mon to Sat (Except Public Holidays),"＃00, 15, 30,＃45 ＃Buses departing from 31 to 00 minutes will stop at Sir Run Run Shaw Hall",Buses departing from 31 to 00 minutes will stop at Sir Run Run Shaw Hall
2:16:15:b0,2,2 NA / UC,16:15,15,0,07:45–18:45,monday|tuesday|wednesday|thursday|friday|saturday|except_public_holiday,2:default,unique,scheduled_departure_candidate,07:45 - 18:45 For Mon to Sat (Except Public Holidays),"＃00, 15, 30,＃45 ＃Buses departing from 31 to 00 minutes will stop at Sir Run Run Shaw Hall",Buses departing from 31 to 00 minutes will stop at Sir Run Run Shaw Hall
2:16:30:b0,2,2 NA / UC,16:30,30,0,07:45–18:45,monday|tuesday|wednesday|thursday|friday|saturday|except_public_holiday,2:default,unique,scheduled_departure_candidate,07:45 - 18:45 For Mon to Sat (Except Public Holidays),"＃00, 15, 30,＃45 ＃Buses departing from 31 to 00 minutes will stop at Sir Run Run Shaw Hall",Buses departing from 31 to 00 minutes will stop at Sir Run Run Shaw Hall
2:16:45:b0,2,2 NA / UC,16:45,45,0,07:45–18:45,monday|tuesday|wednesday|thursday|friday|saturday|except_public_holiday,2:via-shaw-hall,unique,scheduled_departure_candidate,07:45 - 18:45 For Mon to Sat (Except Public Holidays),"＃00, 15, 30,＃45 ＃Buses departing from 31 to 00 minutes will stop at Sir Run Run Shaw Hall",Buses departing from 31 to 00 minutes will stop at Sir Run Run Shaw Hall
2:17:00:b0,2,2 NA / UC,17:00,0,0,07:45–18:45,monday|tuesday|wednesday|thursday|friday|saturday|except_public_holiday,2:via-shaw-hall,unique,scheduled_departure_candidate,07:45 - 18:45 For Mon to Sat (Except Public Holidays),"＃00, 15, 30,＃45 ＃Buses departing from 31 to 00 minutes will stop at Sir Run Run Shaw Hall",Buses departing from 31 to 00 minutes will stop at Sir Run Run Shaw Hall
2:17:15:b0,2,2 NA / UC,17:15,15,0,07:45–18:45,monday|tuesday|wednesday|thursday|friday|saturday|except_public_holiday,2:default,unique,scheduled_departure_candidate,07:45 - 18:45 For Mon to Sat (Except Public Holidays),"＃00, 15, 30,＃45 ＃Buses departing from 31 to 00 minutes will stop at Sir Run Run Shaw Hall",Buses departing from 31 to 00 minutes will stop at Sir Run Run Shaw Hall
2:17:30:b0,2,2 NA / UC,17:30,30,0,07:45–18:45,monday|tuesday|wednesday|thursday|friday|saturday|except_public_holiday,2:default,unique,scheduled_departure_candidate,07:45 - 18:45 For Mon to Sat (Except Public Holidays),"＃00, 15, 30,＃45 ＃Buses departing from 31 to 00 minutes will stop at Sir Run Run Shaw Hall",Buses departing from 31 to 00 minutes will stop at Sir Run Run Shaw Hall
2:17:45:b0,2,2 NA / UC,17:45,45,0,07:45–18:45,monday|tuesday|wednesday|thursday|friday|saturday|except_public_holiday,2:via-shaw-hall,unique,scheduled_departure_candidate,07:45 - 18:45 For Mon to Sat (Except Public Holidays),"＃00, 15, 30,＃45 ＃Buses departing from 31 to 00 minutes will stop at Sir Run Run Shaw Hall",Buses departing from 31 to 00 minutes will stop at Sir Run Run Shaw Hall
2:18:00:b0,2,2 NA / UC,18:00,0,0,07:45–18:45,monday|tuesday|wednesday|thursday|friday|saturday|except_public_holiday,2:via-shaw-hall,unique,scheduled_departure_candidate,07:45 - 18:45 For Mon to Sat (Except Public Holidays),"＃00, 15, 30,＃45 ＃Buses departing from 31 to 00 minutes will stop at Sir Run Run Shaw Hall",Buses departing from 31 to 00 minutes will stop at Sir Run Run Shaw Hall
2:18:15:b0,2,2 NA / UC,18:15,15,0,07:45–18:45,monday|tuesday|wednesday|thursday|friday|saturday|except_public_holiday,2:default,unique,scheduled_departure_candidate,07:45 - 18:45 For Mon to Sat (Except Public Holidays),"＃00, 15, 30,＃45 ＃Buses departing from 31 to 00 minutes will stop at Sir Run Run Shaw Hall",Buses departing from 31 to 00 minutes will stop at Sir Run Run Shaw Hall
2:18:30:b0,2,2 NA / UC,18:30,30,0,07:45–18:45,monday|tuesday|wednesday|thursday|friday|saturday|except_public_holiday,2:default,unique,scheduled_departure_candidate,07:45 - 18:45 For Mon to Sat (Except Public Holidays),"＃00, 15, 30,＃45 ＃Buses departing from 31 to 00 minutes will stop at Sir Run Run Shaw Hall",Buses departing from 31 to 00 minutes will stop at Sir Run Run Shaw Hall
2:18:45:b0,2,2 NA / UC,18:45,45,0,07:45–18:45,monday|tuesday|wednesday|thursday|friday|saturday|except_public_holiday,2:via-shaw-hall,unique,scheduled_departure_candidate,07:45 - 18:45 For Mon to Sat (Except Public Holidays),"＃00, 15, 30,＃45 ＃Buses departing from 31 to 00 minutes will stop at Sir Run Run Shaw Hall",Buses departing from 31 to 00 minutes will stop at Sir Run Run Shaw Hall
3:09:00:b0,3,3 Shaw,09:00,0,0,09:00–18:40,monday|tuesday|wednesday|thursday|friday|saturday|except_public_holiday,3:default,unique,scheduled_departure_candidate,09:00 - 18:40 For Mon to Sat (Except Public Holidays),"00, 20, 40",
3:09:20:b0,3,3 Shaw,09:20,20,0,09:00–18:40,monday|tuesday|wednesday|thursday|friday|saturday|except_public_holiday,3:default,unique,scheduled_departure_candidate,09:00 - 18:40 For Mon to Sat (Except Public Holidays),"00, 20, 40",
3:09:40:b0,3,3 Shaw,09:40,40,0,09:00–18:40,monday|tuesday|wednesday|thursday|friday|saturday|except_public_holiday,3:default,unique,scheduled_departure_candidate,09:00 - 18:40 For Mon to Sat (Except Public Holidays),"00, 20, 40",
3:10:00:b0,3,3 Shaw,10:00,0,0,09:00–18:40,monday|tuesday|wednesday|thursday|friday|saturday|except_public_holiday,3:default,unique,scheduled_departure_candidate,09:00 - 18:40 For Mon to Sat (Except Public Holidays),"00, 20, 40",
3:10:20:b0,3,3 Shaw,10:20,20,0,09:00–18:40,monday|tuesday|wednesday|thursday|friday|saturday|except_public_holiday,3:default,unique,scheduled_departure_candidate,09:00 - 18:40 For Mon to Sat (Except Public Holidays),"00, 20, 40",
3:10:40:b0,3,3 Shaw,10:40,40,0,09:00–18:40,monday|tuesday|wednesday|thursday|friday|saturday|except_public_holiday,3:default,unique,scheduled_departure_candidate,09:00 - 18:40 For Mon to Sat (Except Public Holidays),"00, 20, 40",
3:11:00:b0,3,3 Shaw,11:00,0,0,09:00–18:40,monday|tuesday|wednesday|thursday|friday|saturday|except_public_holiday,3:default,unique,scheduled_departure_candidate,09:00 - 18:40 For Mon to Sat (Except Public Holidays),"00, 20, 40",
3:11:20:b0,3,3 Shaw,11:20,20,0,09:00–18:40,monday|tuesday|wednesday|thursday|friday|saturday|except_public_holiday,3:default,unique,scheduled_departure_candidate,09:00 - 18:40 For Mon to Sat (Except Public Holidays),"00, 20, 40",
3:11:40:b0,3,3 Shaw,11:40,40,0,09:00–18:40,monday|tuesday|wednesday|thursday|friday|saturday|except_public_holiday,3:default,unique,scheduled_departure_candidate,09:00 - 18:40 For Mon to Sat (Except Public Holidays),"00, 20, 40",
3:12:00:b0,3,3 Shaw,12:00,0,0,09:00–18:40,monday|tuesday|wednesday|thursday|friday|saturday|except_public_holiday,3:default,unique,scheduled_departure_candidate,09:00 - 18:40 For Mon to Sat (Except Public Holidays),"00, 20, 40",
3:12:20:b0,3,3 Shaw,12:20,20,0,09:00–18:40,monday|tuesday|wednesday|thursday|friday|saturday|except_public_holiday,3:default,unique,scheduled_departure_candidate,09:00 - 18:40 For Mon to Sat (Except Public Holidays),"00, 20, 40",
3:12:40:b0,3,3 Shaw,12:40,40,0,09:00–18:40,monday|tuesday|wednesday|thursday|friday|saturday|except_public_holiday,3:default,unique,scheduled_departure_candidate,09:00 - 18:40 For Mon to Sat (Except Public Holidays),"00, 20, 40",
3:13:00:b0,3,3 Shaw,13:00,0,0,09:00–18:40,monday|tuesday|wednesday|thursday|friday|saturday|except_public_holiday,3:default,unique,scheduled_departure_candidate,09:00 - 18:40 For Mon to Sat (Except Public Holidays),"00, 20, 40",
3:13:20:b0,3,3 Shaw,13:20,20,0,09:00–18:40,monday|tuesday|wednesday|thursday|friday|saturday|except_public_holiday,3:default,unique,scheduled_departure_candidate,09:00 - 18:40 For Mon to Sat (Except Public Holidays),"00, 20, 40",
3:13:40:b0,3,3 Shaw,13:40,40,0,09:00–18:40,monday|tuesday|wednesday|thursday|friday|saturday|except_public_holiday,3:default,unique,scheduled_departure_candidate,09:00 - 18:40 For Mon to Sat (Except Public Holidays),"00, 20, 40",
3:14:00:b0,3,3 Shaw,14:00,0,0,09:00–18:40,monday|tuesday|wednesday|thursday|friday|saturday|except_public_holiday,3:default,unique,scheduled_departure_candidate,09:00 - 18:40 For Mon to Sat (Except Public Holidays),"00, 20, 40",
3:14:20:b0,3,3 Shaw,14:20,20,0,09:00–18:40,monday|tuesday|wednesday|thursday|friday|saturday|except_public_holiday,3:default,unique,scheduled_departure_candidate,09:00 - 18:40 For Mon to Sat (Except Public Holidays),"00, 20, 40",
3:14:40:b0,3,3 Shaw,14:40,40,0,09:00–18:40,monday|tuesday|wednesday|thursday|friday|saturday|except_public_holiday,3:default,unique,scheduled_departure_candidate,09:00 - 18:40 For Mon to Sat (Except Public Holidays),"00, 20, 40",
3:15:00:b0,3,3 Shaw,15:00,0,0,09:00–18:40,monday|tuesday|wednesday|thursday|friday|saturday|except_public_holiday,3:default,unique,scheduled_departure_candidate,09:00 - 18:40 For Mon to Sat (Except Public Holidays),"00, 20, 40",
3:15:20:b0,3,3 Shaw,15:20,20,0,09:00–18:40,monday|tuesday|wednesday|thursday|friday|saturday|except_public_holiday,3:default,unique,scheduled_departure_candidate,09:00 - 18:40 For Mon to Sat (Except Public Holidays),"00, 20, 40",
3:15:40:b0,3,3 Shaw,15:40,40,0,09:00–18:40,monday|tuesday|wednesday|thursday|friday|saturday|except_public_holiday,3:default,unique,scheduled_departure_candidate,09:00 - 18:40 For Mon to Sat (Except Public Holidays),"00, 20, 40",
3:16:00:b0,3,3 Shaw,16:00,0,0,09:00–18:40,monday|tuesday|wednesday|thursday|friday|saturday|except_public_holiday,3:default,unique,scheduled_departure_candidate,09:00 - 18:40 For Mon to Sat (Except Public Holidays),"00, 20, 40",
3:16:20:b0,3,3 Shaw,16:20,20,0,09:00–18:40,monday|tuesday|wednesday|thursday|friday|saturday|except_public_holiday,3:default,unique,scheduled_departure_candidate,09:00 - 18:40 For Mon to Sat (Except Public Holidays),"00, 20, 40",
3:16:40:b0,3,3 Shaw,16:40,40,0,09:00–18:40,monday|tuesday|wednesday|thursday|friday|saturday|except_public_holiday,3:default,unique,scheduled_departure_candidate,09:00 - 18:40 For Mon to Sat (Except Public Holidays),"00, 20, 40",
3:17:00:b0,3,3 Shaw,17:00,0,0,09:00–18:40,monday|tuesday|wednesday|thursday|friday|saturday|except_public_holiday,3:default,unique,scheduled_departure_candidate,09:00 - 18:40 For Mon to Sat (Except Public Holidays),"00, 20, 40",
3:17:20:b0,3,3 Shaw,17:20,20,0,09:00–18:40,monday|tuesday|wednesday|thursday|friday|saturday|except_public_holiday,3:default,unique,scheduled_departure_candidate,09:00 - 18:40 For Mon to Sat (Except Public Holidays),"00, 20, 40",
3:17:40:b0,3,3 Shaw,17:40,40,0,09:00–18:40,monday|tuesday|wednesday|thursday|friday|saturday|except_public_holiday,3:default,unique,scheduled_departure_candidate,09:00 - 18:40 For Mon to Sat (Except Public Holidays),"00, 20, 40",
3:18:00:b0,3,3 Shaw,18:00,0,0,09:00–18:40,monday|tuesday|wednesday|thursday|friday|saturday|except_public_holiday,3:default,unique,scheduled_departure_candidate,09:00 - 18:40 For Mon to Sat (Except Public Holidays),"00, 20, 40",
3:18:20:b0,3,3 Shaw,18:20,20,0,09:00–18:40,monday|tuesday|wednesday|thursday|friday|saturday|except_public_holiday,3:default,unique,scheduled_departure_candidate,09:00 - 18:40 For Mon to Sat (Except Public Holidays),"00, 20, 40",
3:18:40:b0,3,3 Shaw,18:40,40,0,09:00–18:40,monday|tuesday|wednesday|thursday|friday|saturday|except_public_holiday,3:default,unique,scheduled_departure_candidate,09:00 - 18:40 For Mon to Sat (Except Public Holidays),"00, 20, 40",
4:07:30:b0,4,4 Campus Circuit,07:30,30,0,07:30–18:50,monday|tuesday|wednesday|thursday|friday|saturday|except_public_holiday,4:default,unique,scheduled_departure_candidate,07:30 - 18:50 For Mon to Sat (Except Public Holidays),"10, 30, 50",
4:07:50:b0,4,4 Campus Circuit,07:50,50,0,07:30–18:50,monday|tuesday|wednesday|thursday|friday|saturday|except_public_holiday,4:default,unique,scheduled_departure_candidate,07:30 - 18:50 For Mon to Sat (Except Public Holidays),"10, 30, 50",
4:08:10:b0,4,4 Campus Circuit,08:10,10,0,07:30–18:50,monday|tuesday|wednesday|thursday|friday|saturday|except_public_holiday,4:default,unique,scheduled_departure_candidate,07:30 - 18:50 For Mon to Sat (Except Public Holidays),"10, 30, 50",
4:08:30:b0,4,4 Campus Circuit,08:30,30,0,07:30–18:50,monday|tuesday|wednesday|thursday|friday|saturday|except_public_holiday,4:default,unique,scheduled_departure_candidate,07:30 - 18:50 For Mon to Sat (Except Public Holidays),"10, 30, 50",
4:08:50:b0,4,4 Campus Circuit,08:50,50,0,07:30–18:50,monday|tuesday|wednesday|thursday|friday|saturday|except_public_holiday,4:default,unique,scheduled_departure_candidate,07:30 - 18:50 For Mon to Sat (Except Public Holidays),"10, 30, 50",
4:09:10:b0,4,4 Campus Circuit,09:10,10,0,07:30–18:50,monday|tuesday|wednesday|thursday|friday|saturday|except_public_holiday,4:default,unique,scheduled_departure_candidate,07:30 - 18:50 For Mon to Sat (Except Public Holidays),"10, 30, 50",
4:09:30:b0,4,4 Campus Circuit,09:30,30,0,07:30–18:50,monday|tuesday|wednesday|thursday|friday|saturday|except_public_holiday,4:default,unique,scheduled_departure_candidate,07:30 - 18:50 For Mon to Sat (Except Public Holidays),"10, 30, 50",
4:09:50:b0,4,4 Campus Circuit,09:50,50,0,07:30–18:50,monday|tuesday|wednesday|thursday|friday|saturday|except_public_holiday,4:default,unique,scheduled_departure_candidate,07:30 - 18:50 For Mon to Sat (Except Public Holidays),"10, 30, 50",
4:10:10:b0,4,4 Campus Circuit,10:10,10,0,07:30–18:50,monday|tuesday|wednesday|thursday|friday|saturday|except_public_holiday,4:default,unique,scheduled_departure_candidate,07:30 - 18:50 For Mon to Sat (Except Public Holidays),"10, 30, 50",
4:10:30:b0,4,4 Campus Circuit,10:30,30,0,07:30–18:50,monday|tuesday|wednesday|thursday|friday|saturday|except_public_holiday,4:default,unique,scheduled_departure_candidate,07:30 - 18:50 For Mon to Sat (Except Public Holidays),"10, 30, 50",
4:10:50:b0,4,4 Campus Circuit,10:50,50,0,07:30–18:50,monday|tuesday|wednesday|thursday|friday|saturday|except_public_holiday,4:default,unique,scheduled_departure_candidate,07:30 - 18:50 For Mon to Sat (Except Public Holidays),"10, 30, 50",
4:11:10:b0,4,4 Campus Circuit,11:10,10,0,07:30–18:50,monday|tuesday|wednesday|thursday|friday|saturday|except_public_holiday,4:default,unique,scheduled_departure_candidate,07:30 - 18:50 For Mon to Sat (Except Public Holidays),"10, 30, 50",
4:11:30:b0,4,4 Campus Circuit,11:30,30,0,07:30–18:50,monday|tuesday|wednesday|thursday|friday|saturday|except_public_holiday,4:default,unique,scheduled_departure_candidate,07:30 - 18:50 For Mon to Sat (Except Public Holidays),"10, 30, 50",
4:11:50:b0,4,4 Campus Circuit,11:50,50,0,07:30–18:50,monday|tuesday|wednesday|thursday|friday|saturday|except_public_holiday,4:default,unique,scheduled_departure_candidate,07:30 - 18:50 For Mon to Sat (Except Public Holidays),"10, 30, 50",
4:12:10:b0,4,4 Campus Circuit,12:10,10,0,07:30–18:50,monday|tuesday|wednesday|thursday|friday|saturday|except_public_holiday,4:default,unique,scheduled_departure_candidate,07:30 - 18:50 For Mon to Sat (Except Public Holidays),"10, 30, 50",
4:12:30:b0,4,4 Campus Circuit,12:30,30,0,07:30–18:50,monday|tuesday|wednesday|thursday|friday|saturday|except_public_holiday,4:default,unique,scheduled_departure_candidate,07:30 - 18:50 For Mon to Sat (Except Public Holidays),"10, 30, 50",
4:12:50:b0,4,4 Campus Circuit,12:50,50,0,07:30–18:50,monday|tuesday|wednesday|thursday|friday|saturday|except_public_holiday,4:default,unique,scheduled_departure_candidate,07:30 - 18:50 For Mon to Sat (Except Public Holidays),"10, 30, 50",
4:13:10:b0,4,4 Campus Circuit,13:10,10,0,07:30–18:50,monday|tuesday|wednesday|thursday|friday|saturday|except_public_holiday,4:default,unique,scheduled_departure_candidate,07:30 - 18:50 For Mon to Sat (Except Public Holidays),"10, 30, 50",
4:13:30:b0,4,4 Campus Circuit,13:30,30,0,07:30–18:50,monday|tuesday|wednesday|thursday|friday|saturday|except_public_holiday,4:default,unique,scheduled_departure_candidate,07:30 - 18:50 For Mon to Sat (Except Public Holidays),"10, 30, 50",
4:13:50:b0,4,4 Campus Circuit,13:50,50,0,07:30–18:50,monday|tuesday|wednesday|thursday|friday|saturday|except_public_holiday,4:default,unique,scheduled_departure_candidate,07:30 - 18:50 For Mon to Sat (Except Public Holidays),"10, 30, 50",
4:14:10:b0,4,4 Campus Circuit,14:10,10,0,07:30–18:50,monday|tuesday|wednesday|thursday|friday|saturday|except_public_holiday,4:default,unique,scheduled_departure_candidate,07:30 - 18:50 For Mon to Sat (Except Public Holidays),"10, 30, 50",
4:14:30:b0,4,4 Campus Circuit,14:30,30,0,07:30–18:50,monday|tuesday|wednesday|thursday|friday|saturday|except_public_holiday,4:default,unique,scheduled_departure_candidate,07:30 - 18:50 For Mon to Sat (Except Public Holidays),"10, 30, 50",
4:14:50:b0,4,4 Campus Circuit,14:50,50,0,07:30–18:50,monday|tuesday|wednesday|thursday|friday|saturday|except_public_holiday,4:default,unique,scheduled_departure_candidate,07:30 - 18:50 For Mon to Sat (Except Public Holidays),"10, 30, 50",
4:15:10:b0,4,4 Campus Circuit,15:10,10,0,07:30–18:50,monday|tuesday|wednesday|thursday|friday|saturday|except_public_holiday,4:default,unique,scheduled_departure_candidate,07:30 - 18:50 For Mon to Sat (Except Public Holidays),"10, 30, 50",
4:15:30:b0,4,4 Campus Circuit,15:30,30,0,07:30–18:50,monday|tuesday|wednesday|thursday|friday|saturday|except_public_holiday,4:default,unique,scheduled_departure_candidate,07:30 - 18:50 For Mon to Sat (Except Public Holidays),"10, 30, 50",
4:15:50:b0,4,4 Campus Circuit,15:50,50,0,07:30–18:50,monday|tuesday|wednesday|thursday|friday|saturday|except_public_holiday,4:default,unique,scheduled_departure_candidate,07:30 - 18:50 For Mon to Sat (Except Public Holidays),"10, 30, 50",
4:16:10:b0,4,4 Campus Circuit,16:10,10,0,07:30–18:50,monday|tuesday|wednesday|thursday|friday|saturday|except_public_holiday,4:default,unique,scheduled_departure_candidate,07:30 - 18:50 For Mon to Sat (Except Public Holidays),"10, 30, 50",
4:16:30:b0,4,4 Campus Circuit,16:30,30,0,07:30–18:50,monday|tuesday|wednesday|thursday|friday|saturday|except_public_holiday,4:default,unique,scheduled_departure_candidate,07:30 - 18:50 For Mon to Sat (Except Public Holidays),"10, 30, 50",
4:16:50:b0,4,4 Campus Circuit,16:50,50,0,07:30–18:50,monday|tuesday|wednesday|thursday|friday|saturday|except_public_holiday,4:default,unique,scheduled_departure_candidate,07:30 - 18:50 For Mon to Sat (Except Public Holidays),"10, 30, 50",
4:17:10:b0,4,4 Campus Circuit,17:10,10,0,07:30–18:50,monday|tuesday|wednesday|thursday|friday|saturday|except_public_holiday,4:default,unique,scheduled_departure_candidate,07:30 - 18:50 For Mon to Sat (Except Public Holidays),"10, 30, 50",
4:17:30:b0,4,4 Campus Circuit,17:30,30,0,07:30–18:50,monday|tuesday|wednesday|thursday|friday|saturday|except_public_holiday,4:default,unique,scheduled_departure_candidate,07:30 - 18:50 For Mon to Sat (Except Public Holidays),"10, 30, 50",
4:17:50:b0,4,4 Campus Circuit,17:50,50,0,07:30–18:50,monday|tuesday|wednesday|thursday|friday|saturday|except_public_holiday,4:default,unique,scheduled_departure_candidate,07:30 - 18:50 For Mon to Sat (Except Public Holidays),"10, 30, 50",
4:18:10:b0,4,4 Campus Circuit,18:10,10,0,07:30–18:50,monday|tuesday|wednesday|thursday|friday|saturday|except_public_holiday,4:default,unique,scheduled_departure_candidate,07:30 - 18:50 For Mon to Sat (Except Public Holidays),"10, 30, 50",
4:18:30:b0,4,4 Campus Circuit,18:30,30,0,07:30–18:50,monday|tuesday|wednesday|thursday|friday|saturday|except_public_holiday,4:default,unique,scheduled_departure_candidate,07:30 - 18:50 For Mon to Sat (Except Public Holidays),"10, 30, 50",
4:18:50:b0,4,4 Campus Circuit,18:50,50,0,07:30–18:50,monday|tuesday|wednesday|thursday|friday|saturday|except_public_holiday,4:default,unique,scheduled_departure_candidate,07:30 - 18:50 For Mon to Sat (Except Public Holidays),"10, 30, 50",
5:09:18:b0,5,5 Upward,09:18,18,0,09:18–17:26,teaching_day|monday|tuesday|wednesday|thursday|friday,5:default,unique,scheduled_departure_candidate,09:18 - 17:26 Mon to Fri; Teaching days only,"18, 22, 26",
5:09:18:b1,5,5 Upward,09:18,18,1,09:18–13:26,teaching_day|saturday,5:default,unique,scheduled_departure_candidate,09:18 - 13:26 Sat; Teaching days only,"18, 22, 26",
5:09:22:b0,5,5 Upward,09:22,22,0,09:18–17:26,teaching_day|monday|tuesday|wednesday|thursday|friday,5:default,unique,scheduled_departure_candidate,09:18 - 17:26 Mon to Fri; Teaching days only,"18, 22, 26",
5:09:22:b1,5,5 Upward,09:22,22,1,09:18–13:26,teaching_day|saturday,5:default,unique,scheduled_departure_candidate,09:18 - 13:26 Sat; Teaching days only,"18, 22, 26",
5:09:26:b0,5,5 Upward,09:26,26,0,09:18–17:26,teaching_day|monday|tuesday|wednesday|thursday|friday,5:default,unique,scheduled_departure_candidate,09:18 - 17:26 Mon to Fri; Teaching days only,"18, 22, 26",
5:09:26:b1,5,5 Upward,09:26,26,1,09:18–13:26,teaching_day|saturday,5:default,unique,scheduled_departure_candidate,09:18 - 13:26 Sat; Teaching days only,"18, 22, 26",
5:10:18:b0,5,5 Upward,10:18,18,0,09:18–17:26,teaching_day|monday|tuesday|wednesday|thursday|friday,5:default,unique,scheduled_departure_candidate,09:18 - 17:26 Mon to Fri; Teaching days only,"18, 22, 26",
5:10:18:b1,5,5 Upward,10:18,18,1,09:18–13:26,teaching_day|saturday,5:default,unique,scheduled_departure_candidate,09:18 - 13:26 Sat; Teaching days only,"18, 22, 26",
5:10:22:b0,5,5 Upward,10:22,22,0,09:18–17:26,teaching_day|monday|tuesday|wednesday|thursday|friday,5:default,unique,scheduled_departure_candidate,09:18 - 17:26 Mon to Fri; Teaching days only,"18, 22, 26",
5:10:22:b1,5,5 Upward,10:22,22,1,09:18–13:26,teaching_day|saturday,5:default,unique,scheduled_departure_candidate,09:18 - 13:26 Sat; Teaching days only,"18, 22, 26",
5:10:26:b0,5,5 Upward,10:26,26,0,09:18–17:26,teaching_day|monday|tuesday|wednesday|thursday|friday,5:default,unique,scheduled_departure_candidate,09:18 - 17:26 Mon to Fri; Teaching days only,"18, 22, 26",
5:10:26:b1,5,5 Upward,10:26,26,1,09:18–13:26,teaching_day|saturday,5:default,unique,scheduled_departure_candidate,09:18 - 13:26 Sat; Teaching days only,"18, 22, 26",
5:11:18:b0,5,5 Upward,11:18,18,0,09:18–17:26,teaching_day|monday|tuesday|wednesday|thursday|friday,5:default,unique,scheduled_departure_candidate,09:18 - 17:26 Mon to Fri; Teaching days only,"18, 22, 26",
5:11:18:b1,5,5 Upward,11:18,18,1,09:18–13:26,teaching_day|saturday,5:default,unique,scheduled_departure_candidate,09:18 - 13:26 Sat; Teaching days only,"18, 22, 26",
5:11:22:b0,5,5 Upward,11:22,22,0,09:18–17:26,teaching_day|monday|tuesday|wednesday|thursday|friday,5:default,unique,scheduled_departure_candidate,09:18 - 17:26 Mon to Fri; Teaching days only,"18, 22, 26",
5:11:22:b1,5,5 Upward,11:22,22,1,09:18–13:26,teaching_day|saturday,5:default,unique,scheduled_departure_candidate,09:18 - 13:26 Sat; Teaching days only,"18, 22, 26",
5:11:26:b0,5,5 Upward,11:26,26,0,09:18–17:26,teaching_day|monday|tuesday|wednesday|thursday|friday,5:default,unique,scheduled_departure_candidate,09:18 - 17:26 Mon to Fri; Teaching days only,"18, 22, 26",
5:11:26:b1,5,5 Upward,11:26,26,1,09:18–13:26,teaching_day|saturday,5:default,unique,scheduled_departure_candidate,09:18 - 13:26 Sat; Teaching days only,"18, 22, 26",
5:12:18:b0,5,5 Upward,12:18,18,0,09:18–17:26,teaching_day|monday|tuesday|wednesday|thursday|friday,5:default,unique,scheduled_departure_candidate,09:18 - 17:26 Mon to Fri; Teaching days only,"18, 22, 26",
5:12:18:b1,5,5 Upward,12:18,18,1,09:18–13:26,teaching_day|saturday,5:default,unique,scheduled_departure_candidate,09:18 - 13:26 Sat; Teaching days only,"18, 22, 26",
5:12:22:b0,5,5 Upward,12:22,22,0,09:18–17:26,teaching_day|monday|tuesday|wednesday|thursday|friday,5:default,unique,scheduled_departure_candidate,09:18 - 17:26 Mon to Fri; Teaching days only,"18, 22, 26",
5:12:22:b1,5,5 Upward,12:22,22,1,09:18–13:26,teaching_day|saturday,5:default,unique,scheduled_departure_candidate,09:18 - 13:26 Sat; Teaching days only,"18, 22, 26",
5:12:26:b0,5,5 Upward,12:26,26,0,09:18–17:26,teaching_day|monday|tuesday|wednesday|thursday|friday,5:default,unique,scheduled_departure_candidate,09:18 - 17:26 Mon to Fri; Teaching days only,"18, 22, 26",
5:12:26:b1,5,5 Upward,12:26,26,1,09:18–13:26,teaching_day|saturday,5:default,unique,scheduled_departure_candidate,09:18 - 13:26 Sat; Teaching days only,"18, 22, 26",
5:13:18:b0,5,5 Upward,13:18,18,0,09:18–17:26,teaching_day|monday|tuesday|wednesday|thursday|friday,5:default,unique,scheduled_departure_candidate,09:18 - 17:26 Mon to Fri; Teaching days only,"18, 22, 26",
5:13:18:b1,5,5 Upward,13:18,18,1,09:18–13:26,teaching_day|saturday,5:default,unique,scheduled_departure_candidate,09:18 - 13:26 Sat; Teaching days only,"18, 22, 26",
5:13:22:b0,5,5 Upward,13:22,22,0,09:18–17:26,teaching_day|monday|tuesday|wednesday|thursday|friday,5:default,unique,scheduled_departure_candidate,09:18 - 17:26 Mon to Fri; Teaching days only,"18, 22, 26",
5:13:22:b1,5,5 Upward,13:22,22,1,09:18–13:26,teaching_day|saturday,5:default,unique,scheduled_departure_candidate,09:18 - 13:26 Sat; Teaching days only,"18, 22, 26",
5:13:26:b0,5,5 Upward,13:26,26,0,09:18–17:26,teaching_day|monday|tuesday|wednesday|thursday|friday,5:default,unique,scheduled_departure_candidate,09:18 - 17:26 Mon to Fri; Teaching days only,"18, 22, 26",
5:13:26:b1,5,5 Upward,13:26,26,1,09:18–13:26,teaching_day|saturday,5:default,unique,scheduled_departure_candidate,09:18 - 13:26 Sat; Teaching days only,"18, 22, 26",
5:14:18:b0,5,5 Upward,14:18,18,0,09:18–17:26,teaching_day|monday|tuesday|wednesday|thursday|friday,5:default,unique,scheduled_departure_candidate,09:18 - 17:26 Mon to Fri; Teaching days only,"18, 22, 26",
5:14:22:b0,5,5 Upward,14:22,22,0,09:18–17:26,teaching_day|monday|tuesday|wednesday|thursday|friday,5:default,unique,scheduled_departure_candidate,09:18 - 17:26 Mon to Fri; Teaching days only,"18, 22, 26",
5:14:26:b0,5,5 Upward,14:26,26,0,09:18–17:26,teaching_day|monday|tuesday|wednesday|thursday|friday,5:default,unique,scheduled_departure_candidate,09:18 - 17:26 Mon to Fri; Teaching days only,"18, 22, 26",
5:15:18:b0,5,5 Upward,15:18,18,0,09:18–17:26,teaching_day|monday|tuesday|wednesday|thursday|friday,5:default,unique,scheduled_departure_candidate,09:18 - 17:26 Mon to Fri; Teaching days only,"18, 22, 26",
5:15:22:b0,5,5 Upward,15:22,22,0,09:18–17:26,teaching_day|monday|tuesday|wednesday|thursday|friday,5:default,unique,scheduled_departure_candidate,09:18 - 17:26 Mon to Fri; Teaching days only,"18, 22, 26",
5:15:26:b0,5,5 Upward,15:26,26,0,09:18–17:26,teaching_day|monday|tuesday|wednesday|thursday|friday,5:default,unique,scheduled_departure_candidate,09:18 - 17:26 Mon to Fri; Teaching days only,"18, 22, 26",
5:16:18:b0,5,5 Upward,16:18,18,0,09:18–17:26,teaching_day|monday|tuesday|wednesday|thursday|friday,5:default,unique,scheduled_departure_candidate,09:18 - 17:26 Mon to Fri; Teaching days only,"18, 22, 26",
5:16:22:b0,5,5 Upward,16:22,22,0,09:18–17:26,teaching_day|monday|tuesday|wednesday|thursday|friday,5:default,unique,scheduled_departure_candidate,09:18 - 17:26 Mon to Fri; Teaching days only,"18, 22, 26",
5:16:26:b0,5,5 Upward,16:26,26,0,09:18–17:26,teaching_day|monday|tuesday|wednesday|thursday|friday,5:default,unique,scheduled_departure_candidate,09:18 - 17:26 Mon to Fri; Teaching days only,"18, 22, 26",
5:17:18:b0,5,5 Upward,17:18,18,0,09:18–17:26,teaching_day|monday|tuesday|wednesday|thursday|friday,5:default,unique,scheduled_departure_candidate,09:18 - 17:26 Mon to Fri; Teaching days only,"18, 22, 26",
5:17:22:b0,5,5 Upward,17:22,22,0,09:18–17:26,teaching_day|monday|tuesday|wednesday|thursday|friday,5:default,unique,scheduled_departure_candidate,09:18 - 17:26 Mon to Fri; Teaching days only,"18, 22, 26",
5:17:26:b0,5,5 Upward,17:26,26,0,09:18–17:26,teaching_day|monday|tuesday|wednesday|thursday|friday,5:default,unique,scheduled_departure_candidate,09:18 - 17:26 Mon to Fri; Teaching days only,"18, 22, 26",
6a:09:10:b0,6a,6A Downward (CWC),09:10,10,0,09:10–17:10,teaching_day|monday|tuesday|wednesday|thursday|friday,6a:default,unique,scheduled_departure_candidate,09:10 - 17:10 Mon to Fri; Teaching days only,10,
6a:09:10:b1,6a,6A Downward (CWC),09:10,10,1,09:10–13:10,teaching_day|saturday,6a:default,unique,scheduled_departure_candidate,09:10 - 13:10 Sat; Teaching days only,10,
6a:10:10:b0,6a,6A Downward (CWC),10:10,10,0,09:10–17:10,teaching_day|monday|tuesday|wednesday|thursday|friday,6a:default,unique,scheduled_departure_candidate,09:10 - 17:10 Mon to Fri; Teaching days only,10,
6a:10:10:b1,6a,6A Downward (CWC),10:10,10,1,09:10–13:10,teaching_day|saturday,6a:default,unique,scheduled_departure_candidate,09:10 - 13:10 Sat; Teaching days only,10,
6a:11:10:b0,6a,6A Downward (CWC),11:10,10,0,09:10–17:10,teaching_day|monday|tuesday|wednesday|thursday|friday,6a:default,unique,scheduled_departure_candidate,09:10 - 17:10 Mon to Fri; Teaching days only,10,
6a:11:10:b1,6a,6A Downward (CWC),11:10,10,1,09:10–13:10,teaching_day|saturday,6a:default,unique,scheduled_departure_candidate,09:10 - 13:10 Sat; Teaching days only,10,
6a:12:10:b0,6a,6A Downward (CWC),12:10,10,0,09:10–17:10,teaching_day|monday|tuesday|wednesday|thursday|friday,6a:default,unique,scheduled_departure_candidate,09:10 - 17:10 Mon to Fri; Teaching days only,10,
6a:12:10:b1,6a,6A Downward (CWC),12:10,10,1,09:10–13:10,teaching_day|saturday,6a:default,unique,scheduled_departure_candidate,09:10 - 13:10 Sat; Teaching days only,10,
6a:13:10:b0,6a,6A Downward (CWC),13:10,10,0,09:10–17:10,teaching_day|monday|tuesday|wednesday|thursday|friday,6a:default,unique,scheduled_departure_candidate,09:10 - 17:10 Mon to Fri; Teaching days only,10,
6a:13:10:b1,6a,6A Downward (CWC),13:10,10,1,09:10–13:10,teaching_day|saturday,6a:default,unique,scheduled_departure_candidate,09:10 - 13:10 Sat; Teaching days only,10,
6a:14:10:b0,6a,6A Downward (CWC),14:10,10,0,09:10–17:10,teaching_day|monday|tuesday|wednesday|thursday|friday,6a:default,unique,scheduled_departure_candidate,09:10 - 17:10 Mon to Fri; Teaching days only,10,
6a:15:10:b0,6a,6A Downward (CWC),15:10,10,0,09:10–17:10,teaching_day|monday|tuesday|wednesday|thursday|friday,6a:default,unique,scheduled_departure_candidate,09:10 - 17:10 Mon to Fri; Teaching days only,10,
6a:16:10:b0,6a,6A Downward (CWC),16:10,10,0,09:10–17:10,teaching_day|monday|tuesday|wednesday|thursday|friday,6a:default,unique,scheduled_departure_candidate,09:10 - 17:10 Mon to Fri; Teaching days only,10,
6a:17:10:b0,6a,6A Downward (CWC),17:10,10,0,09:10–17:10,teaching_day|monday|tuesday|wednesday|thursday|friday,6a:default,unique,scheduled_departure_candidate,09:10 - 17:10 Mon to Fri; Teaching days only,10,
6b:12:20:b0,6b,6B Downward (NA / UC),12:20,20,0,12:20–17:20,teaching_day|monday|tuesday|wednesday|thursday|friday,6b:default,unique,scheduled_departure_candidate,12:20 - 17:20 Mon to Fri; Teaching days only,20,
6b:13:20:b0,6b,6B Downward (NA / UC),13:20,20,0,12:20–17:20,teaching_day|monday|tuesday|wednesday|thursday|friday,6b:default,unique,scheduled_departure_candidate,12:20 - 17:20 Mon to Fri; Teaching days only,20,
6b:14:20:b0,6b,6B Downward (NA / UC),14:20,20,0,12:20–17:20,teaching_day|monday|tuesday|wednesday|thursday|friday,6b:default,unique,scheduled_departure_candidate,12:20 - 17:20 Mon to Fri; Teaching days only,20,
6b:15:20:b0,6b,6B Downward (NA / UC),15:20,20,0,12:20–17:20,teaching_day|monday|tuesday|wednesday|thursday|friday,6b:default,unique,scheduled_departure_candidate,12:20 - 17:20 Mon to Fri; Teaching days only,20,
6b:16:20:b0,6b,6B Downward (NA / UC),16:20,20,0,12:20–17:20,teaching_day|monday|tuesday|wednesday|thursday|friday,6b:default,unique,scheduled_departure_candidate,12:20 - 17:20 Mon to Fri; Teaching days only,20,
6b:17:20:b0,6b,6B Downward (NA / UC),17:20,20,0,12:20–17:20,teaching_day|monday|tuesday|wednesday|thursday|friday,6b:default,unique,scheduled_departure_candidate,12:20 - 17:20 Mon to Fri; Teaching days only,20,
7:08:18:b0,7,7 Downward (Shaw),08:18,18,0,08:18–17:50,teaching_day|monday|tuesday|wednesday|thursday|friday,7:default,unique,scheduled_departure_candidate,08:18 - 17:50 Mon to Fri; Teaching days only,"18, 50",
7:08:18:b1,7,7 Downward (Shaw),08:18,18,1,08:18–13:18,teaching_day|saturday,7:default,unique,scheduled_departure_candidate,08:18 - 13:18 Sat; Teaching days only,"18, 50",
7:08:50:b0,7,7 Downward (Shaw),08:50,50,0,08:18–17:50,teaching_day|monday|tuesday|wednesday|thursday|friday,7:default,unique,scheduled_departure_candidate,08:18 - 17:50 Mon to Fri; Teaching days only,"18, 50",
7:08:50:b1,7,7 Downward (Shaw),08:50,50,1,08:18–13:18,teaching_day|saturday,7:default,unique,scheduled_departure_candidate,08:18 - 13:18 Sat; Teaching days only,"18, 50",
7:09:18:b0,7,7 Downward (Shaw),09:18,18,0,08:18–17:50,teaching_day|monday|tuesday|wednesday|thursday|friday,7:default,unique,scheduled_departure_candidate,08:18 - 17:50 Mon to Fri; Teaching days only,"18, 50",
7:09:18:b1,7,7 Downward (Shaw),09:18,18,1,08:18–13:18,teaching_day|saturday,7:default,unique,scheduled_departure_candidate,08:18 - 13:18 Sat; Teaching days only,"18, 50",
7:09:50:b0,7,7 Downward (Shaw),09:50,50,0,08:18–17:50,teaching_day|monday|tuesday|wednesday|thursday|friday,7:default,unique,scheduled_departure_candidate,08:18 - 17:50 Mon to Fri; Teaching days only,"18, 50",
7:09:50:b1,7,7 Downward (Shaw),09:50,50,1,08:18–13:18,teaching_day|saturday,7:default,unique,scheduled_departure_candidate,08:18 - 13:18 Sat; Teaching days only,"18, 50",
7:10:18:b0,7,7 Downward (Shaw),10:18,18,0,08:18–17:50,teaching_day|monday|tuesday|wednesday|thursday|friday,7:default,unique,scheduled_departure_candidate,08:18 - 17:50 Mon to Fri; Teaching days only,"18, 50",
7:10:18:b1,7,7 Downward (Shaw),10:18,18,1,08:18–13:18,teaching_day|saturday,7:default,unique,scheduled_departure_candidate,08:18 - 13:18 Sat; Teaching days only,"18, 50",
7:10:50:b0,7,7 Downward (Shaw),10:50,50,0,08:18–17:50,teaching_day|monday|tuesday|wednesday|thursday|friday,7:default,unique,scheduled_departure_candidate,08:18 - 17:50 Mon to Fri; Teaching days only,"18, 50",
7:10:50:b1,7,7 Downward (Shaw),10:50,50,1,08:18–13:18,teaching_day|saturday,7:default,unique,scheduled_departure_candidate,08:18 - 13:18 Sat; Teaching days only,"18, 50",
7:11:18:b0,7,7 Downward (Shaw),11:18,18,0,08:18–17:50,teaching_day|monday|tuesday|wednesday|thursday|friday,7:default,unique,scheduled_departure_candidate,08:18 - 17:50 Mon to Fri; Teaching days only,"18, 50",
7:11:18:b1,7,7 Downward (Shaw),11:18,18,1,08:18–13:18,teaching_day|saturday,7:default,unique,scheduled_departure_candidate,08:18 - 13:18 Sat; Teaching days only,"18, 50",
7:11:50:b0,7,7 Downward (Shaw),11:50,50,0,08:18–17:50,teaching_day|monday|tuesday|wednesday|thursday|friday,7:default,unique,scheduled_departure_candidate,08:18 - 17:50 Mon to Fri; Teaching days only,"18, 50",
7:11:50:b1,7,7 Downward (Shaw),11:50,50,1,08:18–13:18,teaching_day|saturday,7:default,unique,scheduled_departure_candidate,08:18 - 13:18 Sat; Teaching days only,"18, 50",
7:12:18:b0,7,7 Downward (Shaw),12:18,18,0,08:18–17:50,teaching_day|monday|tuesday|wednesday|thursday|friday,7:default,unique,scheduled_departure_candidate,08:18 - 17:50 Mon to Fri; Teaching days only,"18, 50",
7:12:18:b1,7,7 Downward (Shaw),12:18,18,1,08:18–13:18,teaching_day|saturday,7:default,unique,scheduled_departure_candidate,08:18 - 13:18 Sat; Teaching days only,"18, 50",
7:12:50:b0,7,7 Downward (Shaw),12:50,50,0,08:18–17:50,teaching_day|monday|tuesday|wednesday|thursday|friday,7:default,unique,scheduled_departure_candidate,08:18 - 17:50 Mon to Fri; Teaching days only,"18, 50",
7:12:50:b1,7,7 Downward (Shaw),12:50,50,1,08:18–13:18,teaching_day|saturday,7:default,unique,scheduled_departure_candidate,08:18 - 13:18 Sat; Teaching days only,"18, 50",
7:13:18:b0,7,7 Downward (Shaw),13:18,18,0,08:18–17:50,teaching_day|monday|tuesday|wednesday|thursday|friday,7:default,unique,scheduled_departure_candidate,08:18 - 17:50 Mon to Fri; Teaching days only,"18, 50",
7:13:18:b1,7,7 Downward (Shaw),13:18,18,1,08:18–13:18,teaching_day|saturday,7:default,unique,scheduled_departure_candidate,08:18 - 13:18 Sat; Teaching days only,"18, 50",
7:13:50:b0,7,7 Downward (Shaw),13:50,50,0,08:18–17:50,teaching_day|monday|tuesday|wednesday|thursday|friday,7:default,unique,scheduled_departure_candidate,08:18 - 17:50 Mon to Fri; Teaching days only,"18, 50",
7:14:18:b0,7,7 Downward (Shaw),14:18,18,0,08:18–17:50,teaching_day|monday|tuesday|wednesday|thursday|friday,7:default,unique,scheduled_departure_candidate,08:18 - 17:50 Mon to Fri; Teaching days only,"18, 50",
7:14:50:b0,7,7 Downward (Shaw),14:50,50,0,08:18–17:50,teaching_day|monday|tuesday|wednesday|thursday|friday,7:default,unique,scheduled_departure_candidate,08:18 - 17:50 Mon to Fri; Teaching days only,"18, 50",
7:15:18:b0,7,7 Downward (Shaw),15:18,18,0,08:18–17:50,teaching_day|monday|tuesday|wednesday|thursday|friday,7:default,unique,scheduled_departure_candidate,08:18 - 17:50 Mon to Fri; Teaching days only,"18, 50",
7:15:50:b0,7,7 Downward (Shaw),15:50,50,0,08:18–17:50,teaching_day|monday|tuesday|wednesday|thursday|friday,7:default,unique,scheduled_departure_candidate,08:18 - 17:50 Mon to Fri; Teaching days only,"18, 50",
7:16:18:b0,7,7 Downward (Shaw),16:18,18,0,08:18–17:50,teaching_day|monday|tuesday|wednesday|thursday|friday,7:default,unique,scheduled_departure_candidate,08:18 - 17:50 Mon to Fri; Teaching days only,"18, 50",
7:16:50:b0,7,7 Downward (Shaw),16:50,50,0,08:18–17:50,teaching_day|monday|tuesday|wednesday|thursday|friday,7:default,unique,scheduled_departure_candidate,08:18 - 17:50 Mon to Fri; Teaching days only,"18, 50",
7:17:18:b0,7,7 Downward (Shaw),17:18,18,0,08:18–17:50,teaching_day|monday|tuesday|wednesday|thursday|friday,7:default,unique,scheduled_departure_candidate,08:18 - 17:50 Mon to Fri; Teaching days only,"18, 50",
7:17:50:b0,7,7 Downward (Shaw),17:50,50,0,08:18–17:50,teaching_day|monday|tuesday|wednesday|thursday|friday,7:default,unique,scheduled_departure_candidate,08:18 - 17:50 Mon to Fri; Teaching days only,"18, 50",
8:07:40:b0,8,8 Western Campus,07:40,40,0,07:40–18:40,monday|tuesday|wednesday|thursday|friday|saturday|except_public_holiday,,ambiguous,scheduled_departure_candidate,07:40 - 18:40 For Mon to Sat (Except Public Holidays),"00, 20, 40 ＃During non-teaching days, buses will stop at Station Piazza & Chung Chi Teaching Bldg. (without stopping at Univ. Station)","During non-teaching days, buses will stop at Station Piazza & Chung Chi Teaching Bldg. (without stopping at Univ. Station)"
8:08:00:b0,8,8 Western Campus,08:00,0,0,07:40–18:40,monday|tuesday|wednesday|thursday|friday|saturday|except_public_holiday,,ambiguous,scheduled_departure_candidate,07:40 - 18:40 For Mon to Sat (Except Public Holidays),"00, 20, 40 ＃During non-teaching days, buses will stop at Station Piazza & Chung Chi Teaching Bldg. (without stopping at Univ. Station)","During non-teaching days, buses will stop at Station Piazza & Chung Chi Teaching Bldg. (without stopping at Univ. Station)"
8:08:20:b0,8,8 Western Campus,08:20,20,0,07:40–18:40,monday|tuesday|wednesday|thursday|friday|saturday|except_public_holiday,,ambiguous,scheduled_departure_candidate,07:40 - 18:40 For Mon to Sat (Except Public Holidays),"00, 20, 40 ＃During non-teaching days, buses will stop at Station Piazza & Chung Chi Teaching Bldg. (without stopping at Univ. Station)","During non-teaching days, buses will stop at Station Piazza & Chung Chi Teaching Bldg. (without stopping at Univ. Station)"
8:08:40:b0,8,8 Western Campus,08:40,40,0,07:40–18:40,monday|tuesday|wednesday|thursday|friday|saturday|except_public_holiday,,ambiguous,scheduled_departure_candidate,07:40 - 18:40 For Mon to Sat (Except Public Holidays),"00, 20, 40 ＃During non-teaching days, buses will stop at Station Piazza & Chung Chi Teaching Bldg. (without stopping at Univ. Station)","During non-teaching days, buses will stop at Station Piazza & Chung Chi Teaching Bldg. (without stopping at Univ. Station)"
8:09:00:b0,8,8 Western Campus,09:00,0,0,07:40–18:40,monday|tuesday|wednesday|thursday|friday|saturday|except_public_holiday,,ambiguous,scheduled_departure_candidate,07:40 - 18:40 For Mon to Sat (Except Public Holidays),"00, 20, 40 ＃During non-teaching days, buses will stop at Station Piazza & Chung Chi Teaching Bldg. (without stopping at Univ. Station)","During non-teaching days, buses will stop at Station Piazza & Chung Chi Teaching Bldg. (without stopping at Univ. Station)"
8:09:20:b0,8,8 Western Campus,09:20,20,0,07:40–18:40,monday|tuesday|wednesday|thursday|friday|saturday|except_public_holiday,,ambiguous,scheduled_departure_candidate,07:40 - 18:40 For Mon to Sat (Except Public Holidays),"00, 20, 40 ＃During non-teaching days, buses will stop at Station Piazza & Chung Chi Teaching Bldg. (without stopping at Univ. Station)","During non-teaching days, buses will stop at Station Piazza & Chung Chi Teaching Bldg. (without stopping at Univ. Station)"
8:09:40:b0,8,8 Western Campus,09:40,40,0,07:40–18:40,monday|tuesday|wednesday|thursday|friday|saturday|except_public_holiday,,ambiguous,scheduled_departure_candidate,07:40 - 18:40 For Mon to Sat (Except Public Holidays),"00, 20, 40 ＃During non-teaching days, buses will stop at Station Piazza & Chung Chi Teaching Bldg. (without stopping at Univ. Station)","During non-teaching days, buses will stop at Station Piazza & Chung Chi Teaching Bldg. (without stopping at Univ. Station)"
8:10:00:b0,8,8 Western Campus,10:00,0,0,07:40–18:40,monday|tuesday|wednesday|thursday|friday|saturday|except_public_holiday,,ambiguous,scheduled_departure_candidate,07:40 - 18:40 For Mon to Sat (Except Public Holidays),"00, 20, 40 ＃During non-teaching days, buses will stop at Station Piazza & Chung Chi Teaching Bldg. (without stopping at Univ. Station)","During non-teaching days, buses will stop at Station Piazza & Chung Chi Teaching Bldg. (without stopping at Univ. Station)"
8:10:20:b0,8,8 Western Campus,10:20,20,0,07:40–18:40,monday|tuesday|wednesday|thursday|friday|saturday|except_public_holiday,,ambiguous,scheduled_departure_candidate,07:40 - 18:40 For Mon to Sat (Except Public Holidays),"00, 20, 40 ＃During non-teaching days, buses will stop at Station Piazza & Chung Chi Teaching Bldg. (without stopping at Univ. Station)","During non-teaching days, buses will stop at Station Piazza & Chung Chi Teaching Bldg. (without stopping at Univ. Station)"
8:10:40:b0,8,8 Western Campus,10:40,40,0,07:40–18:40,monday|tuesday|wednesday|thursday|friday|saturday|except_public_holiday,,ambiguous,scheduled_departure_candidate,07:40 - 18:40 For Mon to Sat (Except Public Holidays),"00, 20, 40 ＃During non-teaching days, buses will stop at Station Piazza & Chung Chi Teaching Bldg. (without stopping at Univ. Station)","During non-teaching days, buses will stop at Station Piazza & Chung Chi Teaching Bldg. (without stopping at Univ. Station)"
8:11:00:b0,8,8 Western Campus,11:00,0,0,07:40–18:40,monday|tuesday|wednesday|thursday|friday|saturday|except_public_holiday,,ambiguous,scheduled_departure_candidate,07:40 - 18:40 For Mon to Sat (Except Public Holidays),"00, 20, 40 ＃During non-teaching days, buses will stop at Station Piazza & Chung Chi Teaching Bldg. (without stopping at Univ. Station)","During non-teaching days, buses will stop at Station Piazza & Chung Chi Teaching Bldg. (without stopping at Univ. Station)"
8:11:20:b0,8,8 Western Campus,11:20,20,0,07:40–18:40,monday|tuesday|wednesday|thursday|friday|saturday|except_public_holiday,,ambiguous,scheduled_departure_candidate,07:40 - 18:40 For Mon to Sat (Except Public Holidays),"00, 20, 40 ＃During non-teaching days, buses will stop at Station Piazza & Chung Chi Teaching Bldg. (without stopping at Univ. Station)","During non-teaching days, buses will stop at Station Piazza & Chung Chi Teaching Bldg. (without stopping at Univ. Station)"
8:11:40:b0,8,8 Western Campus,11:40,40,0,07:40–18:40,monday|tuesday|wednesday|thursday|friday|saturday|except_public_holiday,,ambiguous,scheduled_departure_candidate,07:40 - 18:40 For Mon to Sat (Except Public Holidays),"00, 20, 40 ＃During non-teaching days, buses will stop at Station Piazza & Chung Chi Teaching Bldg. (without stopping at Univ. Station)","During non-teaching days, buses will stop at Station Piazza & Chung Chi Teaching Bldg. (without stopping at Univ. Station)"
8:12:00:b0,8,8 Western Campus,12:00,0,0,07:40–18:40,monday|tuesday|wednesday|thursday|friday|saturday|except_public_holiday,,ambiguous,scheduled_departure_candidate,07:40 - 18:40 For Mon to Sat (Except Public Holidays),"00, 20, 40 ＃During non-teaching days, buses will stop at Station Piazza & Chung Chi Teaching Bldg. (without stopping at Univ. Station)","During non-teaching days, buses will stop at Station Piazza & Chung Chi Teaching Bldg. (without stopping at Univ. Station)"
8:12:20:b0,8,8 Western Campus,12:20,20,0,07:40–18:40,monday|tuesday|wednesday|thursday|friday|saturday|except_public_holiday,,ambiguous,scheduled_departure_candidate,07:40 - 18:40 For Mon to Sat (Except Public Holidays),"00, 20, 40 ＃During non-teaching days, buses will stop at Station Piazza & Chung Chi Teaching Bldg. (without stopping at Univ. Station)","During non-teaching days, buses will stop at Station Piazza & Chung Chi Teaching Bldg. (without stopping at Univ. Station)"
8:12:40:b0,8,8 Western Campus,12:40,40,0,07:40–18:40,monday|tuesday|wednesday|thursday|friday|saturday|except_public_holiday,,ambiguous,scheduled_departure_candidate,07:40 - 18:40 For Mon to Sat (Except Public Holidays),"00, 20, 40 ＃During non-teaching days, buses will stop at Station Piazza & Chung Chi Teaching Bldg. (without stopping at Univ. Station)","During non-teaching days, buses will stop at Station Piazza & Chung Chi Teaching Bldg. (without stopping at Univ. Station)"
8:13:00:b0,8,8 Western Campus,13:00,0,0,07:40–18:40,monday|tuesday|wednesday|thursday|friday|saturday|except_public_holiday,,ambiguous,scheduled_departure_candidate,07:40 - 18:40 For Mon to Sat (Except Public Holidays),"00, 20, 40 ＃During non-teaching days, buses will stop at Station Piazza & Chung Chi Teaching Bldg. (without stopping at Univ. Station)","During non-teaching days, buses will stop at Station Piazza & Chung Chi Teaching Bldg. (without stopping at Univ. Station)"
8:13:20:b0,8,8 Western Campus,13:20,20,0,07:40–18:40,monday|tuesday|wednesday|thursday|friday|saturday|except_public_holiday,,ambiguous,scheduled_departure_candidate,07:40 - 18:40 For Mon to Sat (Except Public Holidays),"00, 20, 40 ＃During non-teaching days, buses will stop at Station Piazza & Chung Chi Teaching Bldg. (without stopping at Univ. Station)","During non-teaching days, buses will stop at Station Piazza & Chung Chi Teaching Bldg. (without stopping at Univ. Station)"
8:13:40:b0,8,8 Western Campus,13:40,40,0,07:40–18:40,monday|tuesday|wednesday|thursday|friday|saturday|except_public_holiday,,ambiguous,scheduled_departure_candidate,07:40 - 18:40 For Mon to Sat (Except Public Holidays),"00, 20, 40 ＃During non-teaching days, buses will stop at Station Piazza & Chung Chi Teaching Bldg. (without stopping at Univ. Station)","During non-teaching days, buses will stop at Station Piazza & Chung Chi Teaching Bldg. (without stopping at Univ. Station)"
8:14:00:b0,8,8 Western Campus,14:00,0,0,07:40–18:40,monday|tuesday|wednesday|thursday|friday|saturday|except_public_holiday,,ambiguous,scheduled_departure_candidate,07:40 - 18:40 For Mon to Sat (Except Public Holidays),"00, 20, 40 ＃During non-teaching days, buses will stop at Station Piazza & Chung Chi Teaching Bldg. (without stopping at Univ. Station)","During non-teaching days, buses will stop at Station Piazza & Chung Chi Teaching Bldg. (without stopping at Univ. Station)"
8:14:20:b0,8,8 Western Campus,14:20,20,0,07:40–18:40,monday|tuesday|wednesday|thursday|friday|saturday|except_public_holiday,,ambiguous,scheduled_departure_candidate,07:40 - 18:40 For Mon to Sat (Except Public Holidays),"00, 20, 40 ＃During non-teaching days, buses will stop at Station Piazza & Chung Chi Teaching Bldg. (without stopping at Univ. Station)","During non-teaching days, buses will stop at Station Piazza & Chung Chi Teaching Bldg. (without stopping at Univ. Station)"
8:14:40:b0,8,8 Western Campus,14:40,40,0,07:40–18:40,monday|tuesday|wednesday|thursday|friday|saturday|except_public_holiday,,ambiguous,scheduled_departure_candidate,07:40 - 18:40 For Mon to Sat (Except Public Holidays),"00, 20, 40 ＃During non-teaching days, buses will stop at Station Piazza & Chung Chi Teaching Bldg. (without stopping at Univ. Station)","During non-teaching days, buses will stop at Station Piazza & Chung Chi Teaching Bldg. (without stopping at Univ. Station)"
8:15:00:b0,8,8 Western Campus,15:00,0,0,07:40–18:40,monday|tuesday|wednesday|thursday|friday|saturday|except_public_holiday,,ambiguous,scheduled_departure_candidate,07:40 - 18:40 For Mon to Sat (Except Public Holidays),"00, 20, 40 ＃During non-teaching days, buses will stop at Station Piazza & Chung Chi Teaching Bldg. (without stopping at Univ. Station)","During non-teaching days, buses will stop at Station Piazza & Chung Chi Teaching Bldg. (without stopping at Univ. Station)"
8:15:20:b0,8,8 Western Campus,15:20,20,0,07:40–18:40,monday|tuesday|wednesday|thursday|friday|saturday|except_public_holiday,,ambiguous,scheduled_departure_candidate,07:40 - 18:40 For Mon to Sat (Except Public Holidays),"00, 20, 40 ＃During non-teaching days, buses will stop at Station Piazza & Chung Chi Teaching Bldg. (without stopping at Univ. Station)","During non-teaching days, buses will stop at Station Piazza & Chung Chi Teaching Bldg. (without stopping at Univ. Station)"
8:15:40:b0,8,8 Western Campus,15:40,40,0,07:40–18:40,monday|tuesday|wednesday|thursday|friday|saturday|except_public_holiday,,ambiguous,scheduled_departure_candidate,07:40 - 18:40 For Mon to Sat (Except Public Holidays),"00, 20, 40 ＃During non-teaching days, buses will stop at Station Piazza & Chung Chi Teaching Bldg. (without stopping at Univ. Station)","During non-teaching days, buses will stop at Station Piazza & Chung Chi Teaching Bldg. (without stopping at Univ. Station)"
8:16:00:b0,8,8 Western Campus,16:00,0,0,07:40–18:40,monday|tuesday|wednesday|thursday|friday|saturday|except_public_holiday,,ambiguous,scheduled_departure_candidate,07:40 - 18:40 For Mon to Sat (Except Public Holidays),"00, 20, 40 ＃During non-teaching days, buses will stop at Station Piazza & Chung Chi Teaching Bldg. (without stopping at Univ. Station)","During non-teaching days, buses will stop at Station Piazza & Chung Chi Teaching Bldg. (without stopping at Univ. Station)"
8:16:20:b0,8,8 Western Campus,16:20,20,0,07:40–18:40,monday|tuesday|wednesday|thursday|friday|saturday|except_public_holiday,,ambiguous,scheduled_departure_candidate,07:40 - 18:40 For Mon to Sat (Except Public Holidays),"00, 20, 40 ＃During non-teaching days, buses will stop at Station Piazza & Chung Chi Teaching Bldg. (without stopping at Univ. Station)","During non-teaching days, buses will stop at Station Piazza & Chung Chi Teaching Bldg. (without stopping at Univ. Station)"
8:16:40:b0,8,8 Western Campus,16:40,40,0,07:40–18:40,monday|tuesday|wednesday|thursday|friday|saturday|except_public_holiday,,ambiguous,scheduled_departure_candidate,07:40 - 18:40 For Mon to Sat (Except Public Holidays),"00, 20, 40 ＃During non-teaching days, buses will stop at Station Piazza & Chung Chi Teaching Bldg. (without stopping at Univ. Station)","During non-teaching days, buses will stop at Station Piazza & Chung Chi Teaching Bldg. (without stopping at Univ. Station)"
8:17:00:b0,8,8 Western Campus,17:00,0,0,07:40–18:40,monday|tuesday|wednesday|thursday|friday|saturday|except_public_holiday,,ambiguous,scheduled_departure_candidate,07:40 - 18:40 For Mon to Sat (Except Public Holidays),"00, 20, 40 ＃During non-teaching days, buses will stop at Station Piazza & Chung Chi Teaching Bldg. (without stopping at Univ. Station)","During non-teaching days, buses will stop at Station Piazza & Chung Chi Teaching Bldg. (without stopping at Univ. Station)"
8:17:20:b0,8,8 Western Campus,17:20,20,0,07:40–18:40,monday|tuesday|wednesday|thursday|friday|saturday|except_public_holiday,,ambiguous,scheduled_departure_candidate,07:40 - 18:40 For Mon to Sat (Except Public Holidays),"00, 20, 40 ＃During non-teaching days, buses will stop at Station Piazza & Chung Chi Teaching Bldg. (without stopping at Univ. Station)","During non-teaching days, buses will stop at Station Piazza & Chung Chi Teaching Bldg. (without stopping at Univ. Station)"
8:17:40:b0,8,8 Western Campus,17:40,40,0,07:40–18:40,monday|tuesday|wednesday|thursday|friday|saturday|except_public_holiday,,ambiguous,scheduled_departure_candidate,07:40 - 18:40 For Mon to Sat (Except Public Holidays),"00, 20, 40 ＃During non-teaching days, buses will stop at Station Piazza & Chung Chi Teaching Bldg. (without stopping at Univ. Station)","During non-teaching days, buses will stop at Station Piazza & Chung Chi Teaching Bldg. (without stopping at Univ. Station)"
8:18:00:b0,8,8 Western Campus,18:00,0,0,07:40–18:40,monday|tuesday|wednesday|thursday|friday|saturday|except_public_holiday,,ambiguous,scheduled_departure_candidate,07:40 - 18:40 For Mon to Sat (Except Public Holidays),"00, 20, 40 ＃During non-teaching days, buses will stop at Station Piazza & Chung Chi Teaching Bldg. (without stopping at Univ. Station)","During non-teaching days, buses will stop at Station Piazza & Chung Chi Teaching Bldg. (without stopping at Univ. Station)"
8:18:20:b0,8,8 Western Campus,18:20,20,0,07:40–18:40,monday|tuesday|wednesday|thursday|friday|saturday|except_public_holiday,,ambiguous,scheduled_departure_candidate,07:40 - 18:40 For Mon to Sat (Except Public Holidays),"00, 20, 40 ＃During non-teaching days, buses will stop at Station Piazza & Chung Chi Teaching Bldg. (without stopping at Univ. Station)","During non-teaching days, buses will stop at Station Piazza & Chung Chi Teaching Bldg. (without stopping at Univ. Station)"
8:18:40:b0,8,8 Western Campus,18:40,40,0,07:40–18:40,monday|tuesday|wednesday|thursday|friday|saturday|except_public_holiday,,ambiguous,scheduled_departure_candidate,07:40 - 18:40 For Mon to Sat (Except Public Holidays),"00, 20, 40 ＃During non-teaching days, buses will stop at Station Piazza & Chung Chi Teaching Bldg. (without stopping at Univ. Station)","During non-teaching days, buses will stop at Station Piazza & Chung Chi Teaching Bldg. (without stopping at Univ. Station)"
down:07:00:b0,down,Down,07:00,0,0,07:00–08:15,monday|tuesday|wednesday|thursday|friday|saturday|except_public_holiday,down:default,unique,scheduled_departure_candidate,07:00-08:15 For Mon to Sat (Except Public Holiday),"Every 00, 15, 30, 45",
down:07:15:b0,down,Down,07:15,15,0,07:00–08:15,monday|tuesday|wednesday|thursday|friday|saturday|except_public_holiday,down:default,unique,scheduled_departure_candidate,07:00-08:15 For Mon to Sat (Except Public Holiday),"Every 00, 15, 30, 45",
down:07:30:b0,down,Down,07:30,30,0,07:00–08:15,monday|tuesday|wednesday|thursday|friday|saturday|except_public_holiday,down:default,unique,scheduled_departure_candidate,07:00-08:15 For Mon to Sat (Except Public Holiday),"Every 00, 15, 30, 45",
down:07:45:b0,down,Down,07:45,45,0,07:00–08:15,monday|tuesday|wednesday|thursday|friday|saturday|except_public_holiday,down:default,unique,scheduled_departure_candidate,07:00-08:15 For Mon to Sat (Except Public Holiday),"Every 00, 15, 30, 45",
down:08:00:b0,down,Down,08:00,0,0,07:00–08:15,monday|tuesday|wednesday|thursday|friday|saturday|except_public_holiday,down:default,unique,scheduled_departure_candidate,07:00-08:15 For Mon to Sat (Except Public Holiday),"Every 00, 15, 30, 45",
down:08:15:b0,down,Down,08:15,15,0,07:00–08:15,monday|tuesday|wednesday|thursday|friday|saturday|except_public_holiday,down:default,unique,scheduled_departure_candidate,07:00-08:15 For Mon to Sat (Except Public Holiday),"Every 00, 15, 30, 45",
down:08:45:b1,down,Down,08:45,45,1,08:45–21:15,sunday|public_holiday,down:default,unique,scheduled_departure_candidate,08:45-21:15 For Sun & Public Holidays,"Every 15, 45 ＃Every Mon - Fri at 08:45-17:45 will stop at University Health Centre (Except Public/University Holidays) Fare $5.5",Every Mon - Fri at 08:45-17:45 will stop at University Health Centre (Except Public/University Holidays) Fare $5.5
down:09:15:b1,down,Down,09:15,15,1,08:45–21:15,sunday|public_holiday,down:default,unique,scheduled_departure_candidate,08:45-21:15 For Sun & Public Holidays,"Every 15, 45 ＃Every Mon - Fri at 08:45-17:45 will stop at University Health Centre (Except Public/University Holidays) Fare $5.5",Every Mon - Fri at 08:45-17:45 will stop at University Health Centre (Except Public/University Holidays) Fare $5.5
down:09:45:b1,down,Down,09:45,45,1,08:45–21:15,sunday|public_holiday,down:default,unique,scheduled_departure_candidate,08:45-21:15 For Sun & Public Holidays,"Every 15, 45 ＃Every Mon - Fri at 08:45-17:45 will stop at University Health Centre (Except Public/University Holidays) Fare $5.5",Every Mon - Fri at 08:45-17:45 will stop at University Health Centre (Except Public/University Holidays) Fare $5.5
down:10:15:b1,down,Down,10:15,15,1,08:45–21:15,sunday|public_holiday,down:default,unique,scheduled_departure_candidate,08:45-21:15 For Sun & Public Holidays,"Every 15, 45 ＃Every Mon - Fri at 08:45-17:45 will stop at University Health Centre (Except Public/University Holidays) Fare $5.5",Every Mon - Fri at 08:45-17:45 will stop at University Health Centre (Except Public/University Holidays) Fare $5.5
down:10:45:b1,down,Down,10:45,45,1,08:45–21:15,sunday|public_holiday,down:default,unique,scheduled_departure_candidate,08:45-21:15 For Sun & Public Holidays,"Every 15, 45 ＃Every Mon - Fri at 08:45-17:45 will stop at University Health Centre (Except Public/University Holidays) Fare $5.5",Every Mon - Fri at 08:45-17:45 will stop at University Health Centre (Except Public/University Holidays) Fare $5.5
down:11:15:b1,down,Down,11:15,15,1,08:45–21:15,sunday|public_holiday,down:default,unique,scheduled_departure_candidate,08:45-21:15 For Sun & Public Holidays,"Every 15, 45 ＃Every Mon - Fri at 08:45-17:45 will stop at University Health Centre (Except Public/University Holidays) Fare $5.5",Every Mon - Fri at 08:45-17:45 will stop at University Health Centre (Except Public/University Holidays) Fare $5.5
down:11:45:b1,down,Down,11:45,45,1,08:45–21:15,sunday|public_holiday,down:default,unique,scheduled_departure_candidate,08:45-21:15 For Sun & Public Holidays,"Every 15, 45 ＃Every Mon - Fri at 08:45-17:45 will stop at University Health Centre (Except Public/University Holidays) Fare $5.5",Every Mon - Fri at 08:45-17:45 will stop at University Health Centre (Except Public/University Holidays) Fare $5.5
down:12:15:b1,down,Down,12:15,15,1,08:45–21:15,sunday|public_holiday,down:default,unique,scheduled_departure_candidate,08:45-21:15 For Sun & Public Holidays,"Every 15, 45 ＃Every Mon - Fri at 08:45-17:45 will stop at University Health Centre (Except Public/University Holidays) Fare $5.5",Every Mon - Fri at 08:45-17:45 will stop at University Health Centre (Except Public/University Holidays) Fare $5.5
down:12:45:b1,down,Down,12:45,45,1,08:45–21:15,sunday|public_holiday,down:default,unique,scheduled_departure_candidate,08:45-21:15 For Sun & Public Holidays,"Every 15, 45 ＃Every Mon - Fri at 08:45-17:45 will stop at University Health Centre (Except Public/University Holidays) Fare $5.5",Every Mon - Fri at 08:45-17:45 will stop at University Health Centre (Except Public/University Holidays) Fare $5.5
down:13:15:b1,down,Down,13:15,15,1,08:45–21:15,sunday|public_holiday,down:default,unique,scheduled_departure_candidate,08:45-21:15 For Sun & Public Holidays,"Every 15, 45 ＃Every Mon - Fri at 08:45-17:45 will stop at University Health Centre (Except Public/University Holidays) Fare $5.5",Every Mon - Fri at 08:45-17:45 will stop at University Health Centre (Except Public/University Holidays) Fare $5.5
down:13:45:b1,down,Down,13:45,45,1,08:45–21:15,sunday|public_holiday,down:default,unique,scheduled_departure_candidate,08:45-21:15 For Sun & Public Holidays,"Every 15, 45 ＃Every Mon - Fri at 08:45-17:45 will stop at University Health Centre (Except Public/University Holidays) Fare $5.5",Every Mon - Fri at 08:45-17:45 will stop at University Health Centre (Except Public/University Holidays) Fare $5.5
down:14:15:b1,down,Down,14:15,15,1,08:45–21:15,sunday|public_holiday,down:default,unique,scheduled_departure_candidate,08:45-21:15 For Sun & Public Holidays,"Every 15, 45 ＃Every Mon - Fri at 08:45-17:45 will stop at University Health Centre (Except Public/University Holidays) Fare $5.5",Every Mon - Fri at 08:45-17:45 will stop at University Health Centre (Except Public/University Holidays) Fare $5.5
down:14:45:b1,down,Down,14:45,45,1,08:45–21:15,sunday|public_holiday,down:default,unique,scheduled_departure_candidate,08:45-21:15 For Sun & Public Holidays,"Every 15, 45 ＃Every Mon - Fri at 08:45-17:45 will stop at University Health Centre (Except Public/University Holidays) Fare $5.5",Every Mon - Fri at 08:45-17:45 will stop at University Health Centre (Except Public/University Holidays) Fare $5.5
down:15:15:b1,down,Down,15:15,15,1,08:45–21:15,sunday|public_holiday,down:default,unique,scheduled_departure_candidate,08:45-21:15 For Sun & Public Holidays,"Every 15, 45 ＃Every Mon - Fri at 08:45-17:45 will stop at University Health Centre (Except Public/University Holidays) Fare $5.5",Every Mon - Fri at 08:45-17:45 will stop at University Health Centre (Except Public/University Holidays) Fare $5.5
down:15:45:b1,down,Down,15:45,45,1,08:45–21:15,sunday|public_holiday,down:default,unique,scheduled_departure_candidate,08:45-21:15 For Sun & Public Holidays,"Every 15, 45 ＃Every Mon - Fri at 08:45-17:45 will stop at University Health Centre (Except Public/University Holidays) Fare $5.5",Every Mon - Fri at 08:45-17:45 will stop at University Health Centre (Except Public/University Holidays) Fare $5.5
down:16:15:b1,down,Down,16:15,15,1,08:45–21:15,sunday|public_holiday,down:default,unique,scheduled_departure_candidate,08:45-21:15 For Sun & Public Holidays,"Every 15, 45 ＃Every Mon - Fri at 08:45-17:45 will stop at University Health Centre (Except Public/University Holidays) Fare $5.5",Every Mon - Fri at 08:45-17:45 will stop at University Health Centre (Except Public/University Holidays) Fare $5.5
down:16:45:b1,down,Down,16:45,45,1,08:45–21:15,sunday|public_holiday,down:default,unique,scheduled_departure_candidate,08:45-21:15 For Sun & Public Holidays,"Every 15, 45 ＃Every Mon - Fri at 08:45-17:45 will stop at University Health Centre (Except Public/University Holidays) Fare $5.5",Every Mon - Fri at 08:45-17:45 will stop at University Health Centre (Except Public/University Holidays) Fare $5.5
down:17:15:b1,down,Down,17:15,15,1,08:45–21:15,sunday|public_holiday,down:default,unique,scheduled_departure_candidate,08:45-21:15 For Sun & Public Holidays,"Every 15, 45 ＃Every Mon - Fri at 08:45-17:45 will stop at University Health Centre (Except Public/University Holidays) Fare $5.5",Every Mon - Fri at 08:45-17:45 will stop at University Health Centre (Except Public/University Holidays) Fare $5.5
down:17:45:b1,down,Down,17:45,45,1,08:45–21:15,sunday|public_holiday,down:default,unique,scheduled_departure_candidate,08:45-21:15 For Sun & Public Holidays,"Every 15, 45 ＃Every Mon - Fri at 08:45-17:45 will stop at University Health Centre (Except Public/University Holidays) Fare $5.5",Every Mon - Fri at 08:45-17:45 will stop at University Health Centre (Except Public/University Holidays) Fare $5.5
down:18:15:b1,down,Down,18:15,15,1,08:45–21:15,sunday|public_holiday,down:default,unique,scheduled_departure_candidate,08:45-21:15 For Sun & Public Holidays,"Every 15, 45 ＃Every Mon - Fri at 08:45-17:45 will stop at University Health Centre (Except Public/University Holidays) Fare $5.5",Every Mon - Fri at 08:45-17:45 will stop at University Health Centre (Except Public/University Holidays) Fare $5.5
down:18:45:b1,down,Down,18:45,45,1,08:45–21:15,sunday|public_holiday,down:default,unique,scheduled_departure_candidate,08:45-21:15 For Sun & Public Holidays,"Every 15, 45 ＃Every Mon - Fri at 08:45-17:45 will stop at University Health Centre (Except Public/University Holidays) Fare $5.5",Every Mon - Fri at 08:45-17:45 will stop at University Health Centre (Except Public/University Holidays) Fare $5.5
down:19:15:b1,down,Down,19:15,15,1,08:45–21:15,sunday|public_holiday,down:default,unique,scheduled_departure_candidate,08:45-21:15 For Sun & Public Holidays,"Every 15, 45 ＃Every Mon - Fri at 08:45-17:45 will stop at University Health Centre (Except Public/University Holidays) Fare $5.5",Every Mon - Fri at 08:45-17:45 will stop at University Health Centre (Except Public/University Holidays) Fare $5.5
down:19:45:b1,down,Down,19:45,45,1,08:45–21:15,sunday|public_holiday,down:default,unique,scheduled_departure_candidate,08:45-21:15 For Sun & Public Holidays,"Every 15, 45 ＃Every Mon - Fri at 08:45-17:45 will stop at University Health Centre (Except Public/University Holidays) Fare $5.5",Every Mon - Fri at 08:45-17:45 will stop at University Health Centre (Except Public/University Holidays) Fare $5.5
down:20:15:b1,down,Down,20:15,15,1,08:45–21:15,sunday|public_holiday,down:default,unique,scheduled_departure_candidate,08:45-21:15 For Sun & Public Holidays,"Every 15, 45 ＃Every Mon - Fri at 08:45-17:45 will stop at University Health Centre (Except Public/University Holidays) Fare $5.5",Every Mon - Fri at 08:45-17:45 will stop at University Health Centre (Except Public/University Holidays) Fare $5.5
down:20:45:b1,down,Down,20:45,45,1,08:45–21:15,sunday|public_holiday,down:default,unique,scheduled_departure_candidate,08:45-21:15 For Sun & Public Holidays,"Every 15, 45 ＃Every Mon - Fri at 08:45-17:45 will stop at University Health Centre (Except Public/University Holidays) Fare $5.5",Every Mon - Fri at 08:45-17:45 will stop at University Health Centre (Except Public/University Holidays) Fare $5.5
down:21:15:b1,down,Down,21:15,15,1,08:45–21:15,sunday|public_holiday,down:default,unique,scheduled_departure_candidate,08:45-21:15 For Sun & Public Holidays,"Every 15, 45 ＃Every Mon - Fri at 08:45-17:45 will stop at University Health Centre (Except Public/University Holidays) Fare $5.5",Every Mon - Fri at 08:45-17:45 will stop at University Health Centre (Except Public/University Holidays) Fare $5.5
h:08:20:b0,h,H Holidays Service,08:20,20,0,08:20–23:20,sunday|public_holiday,h:default,unique,scheduled_departure_candidate,08:20 - 23:20 Sun & Public Holidays,"＃00, 20, 40 ＃Buses departing at 00 minute will stop at Postgraduate Hall 1 and Area 39 (Upward)",Buses departing at 00 minute will stop at Postgraduate Hall 1 and Area 39 (Upward)
h:08:40:b0,h,H Holidays Service,08:40,40,0,08:20–23:20,sunday|public_holiday,h:default,unique,scheduled_departure_candidate,08:20 - 23:20 Sun & Public Holidays,"＃00, 20, 40 ＃Buses departing at 00 minute will stop at Postgraduate Hall 1 and Area 39 (Upward)",Buses departing at 00 minute will stop at Postgraduate Hall 1 and Area 39 (Upward)
h:09:00:b0,h,H Holidays Service,09:00,0,0,08:20–23:20,sunday|public_holiday,h:00-via-pgh1-area39,unique,scheduled_departure_candidate,08:20 - 23:20 Sun & Public Holidays,"＃00, 20, 40 ＃Buses departing at 00 minute will stop at Postgraduate Hall 1 and Area 39 (Upward)",Buses departing at 00 minute will stop at Postgraduate Hall 1 and Area 39 (Upward)
h:09:20:b0,h,H Holidays Service,09:20,20,0,08:20–23:20,sunday|public_holiday,h:default,unique,scheduled_departure_candidate,08:20 - 23:20 Sun & Public Holidays,"＃00, 20, 40 ＃Buses departing at 00 minute will stop at Postgraduate Hall 1 and Area 39 (Upward)",Buses departing at 00 minute will stop at Postgraduate Hall 1 and Area 39 (Upward)
h:09:40:b0,h,H Holidays Service,09:40,40,0,08:20–23:20,sunday|public_holiday,h:default,unique,scheduled_departure_candidate,08:20 - 23:20 Sun & Public Holidays,"＃00, 20, 40 ＃Buses departing at 00 minute will stop at Postgraduate Hall 1 and Area 39 (Upward)",Buses departing at 00 minute will stop at Postgraduate Hall 1 and Area 39 (Upward)
h:10:00:b0,h,H Holidays Service,10:00,0,0,08:20–23:20,sunday|public_holiday,h:00-via-pgh1-area39,unique,scheduled_departure_candidate,08:20 - 23:20 Sun & Public Holidays,"＃00, 20, 40 ＃Buses departing at 00 minute will stop at Postgraduate Hall 1 and Area 39 (Upward)",Buses departing at 00 minute will stop at Postgraduate Hall 1 and Area 39 (Upward)
h:10:20:b0,h,H Holidays Service,10:20,20,0,08:20–23:20,sunday|public_holiday,h:default,unique,scheduled_departure_candidate,08:20 - 23:20 Sun & Public Holidays,"＃00, 20, 40 ＃Buses departing at 00 minute will stop at Postgraduate Hall 1 and Area 39 (Upward)",Buses departing at 00 minute will stop at Postgraduate Hall 1 and Area 39 (Upward)
h:10:40:b0,h,H Holidays Service,10:40,40,0,08:20–23:20,sunday|public_holiday,h:default,unique,scheduled_departure_candidate,08:20 - 23:20 Sun & Public Holidays,"＃00, 20, 40 ＃Buses departing at 00 minute will stop at Postgraduate Hall 1 and Area 39 (Upward)",Buses departing at 00 minute will stop at Postgraduate Hall 1 and Area 39 (Upward)
h:11:00:b0,h,H Holidays Service,11:00,0,0,08:20–23:20,sunday|public_holiday,h:00-via-pgh1-area39,unique,scheduled_departure_candidate,08:20 - 23:20 Sun & Public Holidays,"＃00, 20, 40 ＃Buses departing at 00 minute will stop at Postgraduate Hall 1 and Area 39 (Upward)",Buses departing at 00 minute will stop at Postgraduate Hall 1 and Area 39 (Upward)
h:11:20:b0,h,H Holidays Service,11:20,20,0,08:20–23:20,sunday|public_holiday,h:default,unique,scheduled_departure_candidate,08:20 - 23:20 Sun & Public Holidays,"＃00, 20, 40 ＃Buses departing at 00 minute will stop at Postgraduate Hall 1 and Area 39 (Upward)",Buses departing at 00 minute will stop at Postgraduate Hall 1 and Area 39 (Upward)
h:11:40:b0,h,H Holidays Service,11:40,40,0,08:20–23:20,sunday|public_holiday,h:default,unique,scheduled_departure_candidate,08:20 - 23:20 Sun & Public Holidays,"＃00, 20, 40 ＃Buses departing at 00 minute will stop at Postgraduate Hall 1 and Area 39 (Upward)",Buses departing at 00 minute will stop at Postgraduate Hall 1 and Area 39 (Upward)
h:12:00:b0,h,H Holidays Service,12:00,0,0,08:20–23:20,sunday|public_holiday,h:00-via-pgh1-area39,unique,scheduled_departure_candidate,08:20 - 23:20 Sun & Public Holidays,"＃00, 20, 40 ＃Buses departing at 00 minute will stop at Postgraduate Hall 1 and Area 39 (Upward)",Buses departing at 00 minute will stop at Postgraduate Hall 1 and Area 39 (Upward)
h:12:20:b0,h,H Holidays Service,12:20,20,0,08:20–23:20,sunday|public_holiday,h:default,unique,scheduled_departure_candidate,08:20 - 23:20 Sun & Public Holidays,"＃00, 20, 40 ＃Buses departing at 00 minute will stop at Postgraduate Hall 1 and Area 39 (Upward)",Buses departing at 00 minute will stop at Postgraduate Hall 1 and Area 39 (Upward)
h:12:40:b0,h,H Holidays Service,12:40,40,0,08:20–23:20,sunday|public_holiday,h:default,unique,scheduled_departure_candidate,08:20 - 23:20 Sun & Public Holidays,"＃00, 20, 40 ＃Buses departing at 00 minute will stop at Postgraduate Hall 1 and Area 39 (Upward)",Buses departing at 00 minute will stop at Postgraduate Hall 1 and Area 39 (Upward)
h:13:00:b0,h,H Holidays Service,13:00,0,0,08:20–23:20,sunday|public_holiday,h:00-via-pgh1-area39,unique,scheduled_departure_candidate,08:20 - 23:20 Sun & Public Holidays,"＃00, 20, 40 ＃Buses departing at 00 minute will stop at Postgraduate Hall 1 and Area 39 (Upward)",Buses departing at 00 minute will stop at Postgraduate Hall 1 and Area 39 (Upward)
h:13:20:b0,h,H Holidays Service,13:20,20,0,08:20–23:20,sunday|public_holiday,h:default,unique,scheduled_departure_candidate,08:20 - 23:20 Sun & Public Holidays,"＃00, 20, 40 ＃Buses departing at 00 minute will stop at Postgraduate Hall 1 and Area 39 (Upward)",Buses departing at 00 minute will stop at Postgraduate Hall 1 and Area 39 (Upward)
h:13:40:b0,h,H Holidays Service,13:40,40,0,08:20–23:20,sunday|public_holiday,h:default,unique,scheduled_departure_candidate,08:20 - 23:20 Sun & Public Holidays,"＃00, 20, 40 ＃Buses departing at 00 minute will stop at Postgraduate Hall 1 and Area 39 (Upward)",Buses departing at 00 minute will stop at Postgraduate Hall 1 and Area 39 (Upward)
h:14:00:b0,h,H Holidays Service,14:00,0,0,08:20–23:20,sunday|public_holiday,h:00-via-pgh1-area39,unique,scheduled_departure_candidate,08:20 - 23:20 Sun & Public Holidays,"＃00, 20, 40 ＃Buses departing at 00 minute will stop at Postgraduate Hall 1 and Area 39 (Upward)",Buses departing at 00 minute will stop at Postgraduate Hall 1 and Area 39 (Upward)
h:14:20:b0,h,H Holidays Service,14:20,20,0,08:20–23:20,sunday|public_holiday,h:default,unique,scheduled_departure_candidate,08:20 - 23:20 Sun & Public Holidays,"＃00, 20, 40 ＃Buses departing at 00 minute will stop at Postgraduate Hall 1 and Area 39 (Upward)",Buses departing at 00 minute will stop at Postgraduate Hall 1 and Area 39 (Upward)
h:14:40:b0,h,H Holidays Service,14:40,40,0,08:20–23:20,sunday|public_holiday,h:default,unique,scheduled_departure_candidate,08:20 - 23:20 Sun & Public Holidays,"＃00, 20, 40 ＃Buses departing at 00 minute will stop at Postgraduate Hall 1 and Area 39 (Upward)",Buses departing at 00 minute will stop at Postgraduate Hall 1 and Area 39 (Upward)
h:15:00:b0,h,H Holidays Service,15:00,0,0,08:20–23:20,sunday|public_holiday,h:00-via-pgh1-area39,unique,scheduled_departure_candidate,08:20 - 23:20 Sun & Public Holidays,"＃00, 20, 40 ＃Buses departing at 00 minute will stop at Postgraduate Hall 1 and Area 39 (Upward)",Buses departing at 00 minute will stop at Postgraduate Hall 1 and Area 39 (Upward)
h:15:20:b0,h,H Holidays Service,15:20,20,0,08:20–23:20,sunday|public_holiday,h:default,unique,scheduled_departure_candidate,08:20 - 23:20 Sun & Public Holidays,"＃00, 20, 40 ＃Buses departing at 00 minute will stop at Postgraduate Hall 1 and Area 39 (Upward)",Buses departing at 00 minute will stop at Postgraduate Hall 1 and Area 39 (Upward)
h:15:40:b0,h,H Holidays Service,15:40,40,0,08:20–23:20,sunday|public_holiday,h:default,unique,scheduled_departure_candidate,08:20 - 23:20 Sun & Public Holidays,"＃00, 20, 40 ＃Buses departing at 00 minute will stop at Postgraduate Hall 1 and Area 39 (Upward)",Buses departing at 00 minute will stop at Postgraduate Hall 1 and Area 39 (Upward)
h:16:00:b0,h,H Holidays Service,16:00,0,0,08:20–23:20,sunday|public_holiday,h:00-via-pgh1-area39,unique,scheduled_departure_candidate,08:20 - 23:20 Sun & Public Holidays,"＃00, 20, 40 ＃Buses departing at 00 minute will stop at Postgraduate Hall 1 and Area 39 (Upward)",Buses departing at 00 minute will stop at Postgraduate Hall 1 and Area 39 (Upward)
h:16:20:b0,h,H Holidays Service,16:20,20,0,08:20–23:20,sunday|public_holiday,h:default,unique,scheduled_departure_candidate,08:20 - 23:20 Sun & Public Holidays,"＃00, 20, 40 ＃Buses departing at 00 minute will stop at Postgraduate Hall 1 and Area 39 (Upward)",Buses departing at 00 minute will stop at Postgraduate Hall 1 and Area 39 (Upward)
h:16:40:b0,h,H Holidays Service,16:40,40,0,08:20–23:20,sunday|public_holiday,h:default,unique,scheduled_departure_candidate,08:20 - 23:20 Sun & Public Holidays,"＃00, 20, 40 ＃Buses departing at 00 minute will stop at Postgraduate Hall 1 and Area 39 (Upward)",Buses departing at 00 minute will stop at Postgraduate Hall 1 and Area 39 (Upward)
h:17:00:b0,h,H Holidays Service,17:00,0,0,08:20–23:20,sunday|public_holiday,h:00-via-pgh1-area39,unique,scheduled_departure_candidate,08:20 - 23:20 Sun & Public Holidays,"＃00, 20, 40 ＃Buses departing at 00 minute will stop at Postgraduate Hall 1 and Area 39 (Upward)",Buses departing at 00 minute will stop at Postgraduate Hall 1 and Area 39 (Upward)
h:17:20:b0,h,H Holidays Service,17:20,20,0,08:20–23:20,sunday|public_holiday,h:default,unique,scheduled_departure_candidate,08:20 - 23:20 Sun & Public Holidays,"＃00, 20, 40 ＃Buses departing at 00 minute will stop at Postgraduate Hall 1 and Area 39 (Upward)",Buses departing at 00 minute will stop at Postgraduate Hall 1 and Area 39 (Upward)
h:17:40:b0,h,H Holidays Service,17:40,40,0,08:20–23:20,sunday|public_holiday,h:default,unique,scheduled_departure_candidate,08:20 - 23:20 Sun & Public Holidays,"＃00, 20, 40 ＃Buses departing at 00 minute will stop at Postgraduate Hall 1 and Area 39 (Upward)",Buses departing at 00 minute will stop at Postgraduate Hall 1 and Area 39 (Upward)
h:18:00:b0,h,H Holidays Service,18:00,0,0,08:20–23:20,sunday|public_holiday,h:00-via-pgh1-area39,unique,scheduled_departure_candidate,08:20 - 23:20 Sun & Public Holidays,"＃00, 20, 40 ＃Buses departing at 00 minute will stop at Postgraduate Hall 1 and Area 39 (Upward)",Buses departing at 00 minute will stop at Postgraduate Hall 1 and Area 39 (Upward)
h:18:20:b0,h,H Holidays Service,18:20,20,0,08:20–23:20,sunday|public_holiday,h:default,unique,scheduled_departure_candidate,08:20 - 23:20 Sun & Public Holidays,"＃00, 20, 40 ＃Buses departing at 00 minute will stop at Postgraduate Hall 1 and Area 39 (Upward)",Buses departing at 00 minute will stop at Postgraduate Hall 1 and Area 39 (Upward)
h:18:40:b0,h,H Holidays Service,18:40,40,0,08:20–23:20,sunday|public_holiday,h:default,unique,scheduled_departure_candidate,08:20 - 23:20 Sun & Public Holidays,"＃00, 20, 40 ＃Buses departing at 00 minute will stop at Postgraduate Hall 1 and Area 39 (Upward)",Buses departing at 00 minute will stop at Postgraduate Hall 1 and Area 39 (Upward)
h:19:00:b0,h,H Holidays Service,19:00,0,0,08:20–23:20,sunday|public_holiday,h:00-via-pgh1-area39,unique,scheduled_departure_candidate,08:20 - 23:20 Sun & Public Holidays,"＃00, 20, 40 ＃Buses departing at 00 minute will stop at Postgraduate Hall 1 and Area 39 (Upward)",Buses departing at 00 minute will stop at Postgraduate Hall 1 and Area 39 (Upward)
h:19:20:b0,h,H Holidays Service,19:20,20,0,08:20–23:20,sunday|public_holiday,h:default,unique,scheduled_departure_candidate,08:20 - 23:20 Sun & Public Holidays,"＃00, 20, 40 ＃Buses departing at 00 minute will stop at Postgraduate Hall 1 and Area 39 (Upward)",Buses departing at 00 minute will stop at Postgraduate Hall 1 and Area 39 (Upward)
h:19:40:b0,h,H Holidays Service,19:40,40,0,08:20–23:20,sunday|public_holiday,h:default,unique,scheduled_departure_candidate,08:20 - 23:20 Sun & Public Holidays,"＃00, 20, 40 ＃Buses departing at 00 minute will stop at Postgraduate Hall 1 and Area 39 (Upward)",Buses departing at 00 minute will stop at Postgraduate Hall 1 and Area 39 (Upward)
h:20:00:b0,h,H Holidays Service,20:00,0,0,08:20–23:20,sunday|public_holiday,h:00-via-pgh1-area39,unique,scheduled_departure_candidate,08:20 - 23:20 Sun & Public Holidays,"＃00, 20, 40 ＃Buses departing at 00 minute will stop at Postgraduate Hall 1 and Area 39 (Upward)",Buses departing at 00 minute will stop at Postgraduate Hall 1 and Area 39 (Upward)
h:20:20:b0,h,H Holidays Service,20:20,20,0,08:20–23:20,sunday|public_holiday,h:default,unique,scheduled_departure_candidate,08:20 - 23:20 Sun & Public Holidays,"＃00, 20, 40 ＃Buses departing at 00 minute will stop at Postgraduate Hall 1 and Area 39 (Upward)",Buses departing at 00 minute will stop at Postgraduate Hall 1 and Area 39 (Upward)
h:20:40:b0,h,H Holidays Service,20:40,40,0,08:20–23:20,sunday|public_holiday,h:default,unique,scheduled_departure_candidate,08:20 - 23:20 Sun & Public Holidays,"＃00, 20, 40 ＃Buses departing at 00 minute will stop at Postgraduate Hall 1 and Area 39 (Upward)",Buses departing at 00 minute will stop at Postgraduate Hall 1 and Area 39 (Upward)
h:21:00:b0,h,H Holidays Service,21:00,0,0,08:20–23:20,sunday|public_holiday,h:00-via-pgh1-area39,unique,scheduled_departure_candidate,08:20 - 23:20 Sun & Public Holidays,"＃00, 20, 40 ＃Buses departing at 00 minute will stop at Postgraduate Hall 1 and Area 39 (Upward)",Buses departing at 00 minute will stop at Postgraduate Hall 1 and Area 39 (Upward)
h:21:20:b0,h,H Holidays Service,21:20,20,0,08:20–23:20,sunday|public_holiday,h:default,unique,scheduled_departure_candidate,08:20 - 23:20 Sun & Public Holidays,"＃00, 20, 40 ＃Buses departing at 00 minute will stop at Postgraduate Hall 1 and Area 39 (Upward)",Buses departing at 00 minute will stop at Postgraduate Hall 1 and Area 39 (Upward)
h:21:40:b0,h,H Holidays Service,21:40,40,0,08:20–23:20,sunday|public_holiday,h:default,unique,scheduled_departure_candidate,08:20 - 23:20 Sun & Public Holidays,"＃00, 20, 40 ＃Buses departing at 00 minute will stop at Postgraduate Hall 1 and Area 39 (Upward)",Buses departing at 00 minute will stop at Postgraduate Hall 1 and Area 39 (Upward)
h:22:00:b0,h,H Holidays Service,22:00,0,0,08:20–23:20,sunday|public_holiday,h:00-via-pgh1-area39,unique,scheduled_departure_candidate,08:20 - 23:20 Sun & Public Holidays,"＃00, 20, 40 ＃Buses departing at 00 minute will stop at Postgraduate Hall 1 and Area 39 (Upward)",Buses departing at 00 minute will stop at Postgraduate Hall 1 and Area 39 (Upward)
h:22:20:b0,h,H Holidays Service,22:20,20,0,08:20–23:20,sunday|public_holiday,h:default,unique,scheduled_departure_candidate,08:20 - 23:20 Sun & Public Holidays,"＃00, 20, 40 ＃Buses departing at 00 minute will stop at Postgraduate Hall 1 and Area 39 (Upward)",Buses departing at 00 minute will stop at Postgraduate Hall 1 and Area 39 (Upward)
h:22:40:b0,h,H Holidays Service,22:40,40,0,08:20–23:20,sunday|public_holiday,h:default,unique,scheduled_departure_candidate,08:20 - 23:20 Sun & Public Holidays,"＃00, 20, 40 ＃Buses departing at 00 minute will stop at Postgraduate Hall 1 and Area 39 (Upward)",Buses departing at 00 minute will stop at Postgraduate Hall 1 and Area 39 (Upward)
h:23:00:b0,h,H Holidays Service,23:00,0,0,08:20–23:20,sunday|public_holiday,h:00-via-pgh1-area39,unique,scheduled_departure_candidate,08:20 - 23:20 Sun & Public Holidays,"＃00, 20, 40 ＃Buses departing at 00 minute will stop at Postgraduate Hall 1 and Area 39 (Upward)",Buses departing at 00 minute will stop at Postgraduate Hall 1 and Area 39 (Upward)
h:23:20:b0,h,H Holidays Service,23:20,20,0,08:20–23:20,sunday|public_holiday,h:default,unique,scheduled_departure_candidate,08:20 - 23:20 Sun & Public Holidays,"＃00, 20, 40 ＃Buses departing at 00 minute will stop at Postgraduate Hall 1 and Area 39 (Upward)",Buses departing at 00 minute will stop at Postgraduate Hall 1 and Area 39 (Upward)
n:19:00:b0,n,N Night Service,19:00,0,0,19:00–23:30,monday|tuesday|wednesday|thursday|friday|saturday|except_public_holiday,n:00-via-pgh1,unique,scheduled_departure_candidate,19:00 - 23:30 For Mon to Sat only (Except Public Holidays),"# 00, 15, 30, 45 # Buses departing at 00 minute will stop at Postgraduate Hall 1",Buses departing at 00 minute will stop at Postgraduate Hall 1
n:19:15:b0,n,N Night Service,19:15,15,0,19:00–23:30,monday|tuesday|wednesday|thursday|friday|saturday|except_public_holiday,n:default,unique,scheduled_departure_candidate,19:00 - 23:30 For Mon to Sat only (Except Public Holidays),"# 00, 15, 30, 45 # Buses departing at 00 minute will stop at Postgraduate Hall 1",Buses departing at 00 minute will stop at Postgraduate Hall 1
n:19:30:b0,n,N Night Service,19:30,30,0,19:00–23:30,monday|tuesday|wednesday|thursday|friday|saturday|except_public_holiday,n:default,unique,scheduled_departure_candidate,19:00 - 23:30 For Mon to Sat only (Except Public Holidays),"# 00, 15, 30, 45 # Buses departing at 00 minute will stop at Postgraduate Hall 1",Buses departing at 00 minute will stop at Postgraduate Hall 1
n:19:45:b0,n,N Night Service,19:45,45,0,19:00–23:30,monday|tuesday|wednesday|thursday|friday|saturday|except_public_holiday,n:default,unique,scheduled_departure_candidate,19:00 - 23:30 For Mon to Sat only (Except Public Holidays),"# 00, 15, 30, 45 # Buses departing at 00 minute will stop at Postgraduate Hall 1",Buses departing at 00 minute will stop at Postgraduate Hall 1
n:20:00:b0,n,N Night Service,20:00,0,0,19:00–23:30,monday|tuesday|wednesday|thursday|friday|saturday|except_public_holiday,n:00-via-pgh1,unique,scheduled_departure_candidate,19:00 - 23:30 For Mon to Sat only (Except Public Holidays),"# 00, 15, 30, 45 # Buses departing at 00 minute will stop at Postgraduate Hall 1",Buses departing at 00 minute will stop at Postgraduate Hall 1
n:20:15:b0,n,N Night Service,20:15,15,0,19:00–23:30,monday|tuesday|wednesday|thursday|friday|saturday|except_public_holiday,n:default,unique,scheduled_departure_candidate,19:00 - 23:30 For Mon to Sat only (Except Public Holidays),"# 00, 15, 30, 45 # Buses departing at 00 minute will stop at Postgraduate Hall 1",Buses departing at 00 minute will stop at Postgraduate Hall 1
n:20:30:b0,n,N Night Service,20:30,30,0,19:00–23:30,monday|tuesday|wednesday|thursday|friday|saturday|except_public_holiday,n:default,unique,scheduled_departure_candidate,19:00 - 23:30 For Mon to Sat only (Except Public Holidays),"# 00, 15, 30, 45 # Buses departing at 00 minute will stop at Postgraduate Hall 1",Buses departing at 00 minute will stop at Postgraduate Hall 1
n:20:45:b0,n,N Night Service,20:45,45,0,19:00–23:30,monday|tuesday|wednesday|thursday|friday|saturday|except_public_holiday,n:default,unique,scheduled_departure_candidate,19:00 - 23:30 For Mon to Sat only (Except Public Holidays),"# 00, 15, 30, 45 # Buses departing at 00 minute will stop at Postgraduate Hall 1",Buses departing at 00 minute will stop at Postgraduate Hall 1
n:21:00:b0,n,N Night Service,21:00,0,0,19:00–23:30,monday|tuesday|wednesday|thursday|friday|saturday|except_public_holiday,n:00-via-pgh1,unique,scheduled_departure_candidate,19:00 - 23:30 For Mon to Sat only (Except Public Holidays),"# 00, 15, 30, 45 # Buses departing at 00 minute will stop at Postgraduate Hall 1",Buses departing at 00 minute will stop at Postgraduate Hall 1
n:21:15:b0,n,N Night Service,21:15,15,0,19:00–23:30,monday|tuesday|wednesday|thursday|friday|saturday|except_public_holiday,n:default,unique,scheduled_departure_candidate,19:00 - 23:30 For Mon to Sat only (Except Public Holidays),"# 00, 15, 30, 45 # Buses departing at 00 minute will stop at Postgraduate Hall 1",Buses departing at 00 minute will stop at Postgraduate Hall 1
n:21:30:b0,n,N Night Service,21:30,30,0,19:00–23:30,monday|tuesday|wednesday|thursday|friday|saturday|except_public_holiday,n:default,unique,scheduled_departure_candidate,19:00 - 23:30 For Mon to Sat only (Except Public Holidays),"# 00, 15, 30, 45 # Buses departing at 00 minute will stop at Postgraduate Hall 1",Buses departing at 00 minute will stop at Postgraduate Hall 1
n:21:45:b0,n,N Night Service,21:45,45,0,19:00–23:30,monday|tuesday|wednesday|thursday|friday|saturday|except_public_holiday,n:default,unique,scheduled_departure_candidate,19:00 - 23:30 For Mon to Sat only (Except Public Holidays),"# 00, 15, 30, 45 # Buses departing at 00 minute will stop at Postgraduate Hall 1",Buses departing at 00 minute will stop at Postgraduate Hall 1
n:22:00:b0,n,N Night Service,22:00,0,0,19:00–23:30,monday|tuesday|wednesday|thursday|friday|saturday|except_public_holiday,n:00-via-pgh1,unique,scheduled_departure_candidate,19:00 - 23:30 For Mon to Sat only (Except Public Holidays),"# 00, 15, 30, 45 # Buses departing at 00 minute will stop at Postgraduate Hall 1",Buses departing at 00 minute will stop at Postgraduate Hall 1
n:22:15:b0,n,N Night Service,22:15,15,0,19:00–23:30,monday|tuesday|wednesday|thursday|friday|saturday|except_public_holiday,n:default,unique,scheduled_departure_candidate,19:00 - 23:30 For Mon to Sat only (Except Public Holidays),"# 00, 15, 30, 45 # Buses departing at 00 minute will stop at Postgraduate Hall 1",Buses departing at 00 minute will stop at Postgraduate Hall 1
n:22:30:b0,n,N Night Service,22:30,30,0,19:00–23:30,monday|tuesday|wednesday|thursday|friday|saturday|except_public_holiday,n:default,unique,scheduled_departure_candidate,19:00 - 23:30 For Mon to Sat only (Except Public Holidays),"# 00, 15, 30, 45 # Buses departing at 00 minute will stop at Postgraduate Hall 1",Buses departing at 00 minute will stop at Postgraduate Hall 1
n:22:45:b0,n,N Night Service,22:45,45,0,19:00–23:30,monday|tuesday|wednesday|thursday|friday|saturday|except_public_holiday,n:default,unique,scheduled_departure_candidate,19:00 - 23:30 For Mon to Sat only (Except Public Holidays),"# 00, 15, 30, 45 # Buses departing at 00 minute will stop at Postgraduate Hall 1",Buses departing at 00 minute will stop at Postgraduate Hall 1
n:23:00:b0,n,N Night Service,23:00,0,0,19:00–23:30,monday|tuesday|wednesday|thursday|friday|saturday|except_public_holiday,n:00-via-pgh1,unique,scheduled_departure_candidate,19:00 - 23:30 For Mon to Sat only (Except Public Holidays),"# 00, 15, 30, 45 # Buses departing at 00 minute will stop at Postgraduate Hall 1",Buses departing at 00 minute will stop at Postgraduate Hall 1
n:23:15:b0,n,N Night Service,23:15,15,0,19:00–23:30,monday|tuesday|wednesday|thursday|friday|saturday|except_public_holiday,n:default,unique,scheduled_departure_candidate,19:00 - 23:30 For Mon to Sat only (Except Public Holidays),"# 00, 15, 30, 45 # Buses departing at 00 minute will stop at Postgraduate Hall 1",Buses departing at 00 minute will stop at Postgraduate Hall 1
n:23:30:b0,n,N Night Service,23:30,30,0,19:00–23:30,monday|tuesday|wednesday|thursday|friday|saturday|except_public_holiday,n:default,unique,scheduled_departure_candidate,19:00 - 23:30 For Mon to Sat only (Except Public Holidays),"# 00, 15, 30, 45 # Buses departing at 00 minute will stop at Postgraduate Hall 1",Buses departing at 00 minute will stop at Postgraduate Hall 1
up:08:30:b0,up,Up,08:30,30,0,08:30–23:00,sunday|public_holiday|monday|tuesday|wednesday|thursday|friday|saturday,up:default,unique,scheduled_departure_candidate,08:30-23:00 For Mon to Sun & Public Holidays,"Every 00, 30 ＃Every Mon - Fri at 08:30-17:30 will stop at University Health Centre (Except Public/University Holidays) Fare $5.5",Every Mon - Fri at 08:30-17:30 will stop at University Health Centre (Except Public/University Holidays) Fare $5.5
up:09:00:b0,up,Up,09:00,0,0,08:30–23:00,sunday|public_holiday|monday|tuesday|wednesday|thursday|friday|saturday,up:default,unique,scheduled_departure_candidate,08:30-23:00 For Mon to Sun & Public Holidays,"Every 00, 30 ＃Every Mon - Fri at 08:30-17:30 will stop at University Health Centre (Except Public/University Holidays) Fare $5.5",Every Mon - Fri at 08:30-17:30 will stop at University Health Centre (Except Public/University Holidays) Fare $5.5
up:09:30:b0,up,Up,09:30,30,0,08:30–23:00,sunday|public_holiday|monday|tuesday|wednesday|thursday|friday|saturday,up:default,unique,scheduled_departure_candidate,08:30-23:00 For Mon to Sun & Public Holidays,"Every 00, 30 ＃Every Mon - Fri at 08:30-17:30 will stop at University Health Centre (Except Public/University Holidays) Fare $5.5",Every Mon - Fri at 08:30-17:30 will stop at University Health Centre (Except Public/University Holidays) Fare $5.5
up:10:00:b0,up,Up,10:00,0,0,08:30–23:00,sunday|public_holiday|monday|tuesday|wednesday|thursday|friday|saturday,up:default,unique,scheduled_departure_candidate,08:30-23:00 For Mon to Sun & Public Holidays,"Every 00, 30 ＃Every Mon - Fri at 08:30-17:30 will stop at University Health Centre (Except Public/University Holidays) Fare $5.5",Every Mon - Fri at 08:30-17:30 will stop at University Health Centre (Except Public/University Holidays) Fare $5.5
up:10:30:b0,up,Up,10:30,30,0,08:30–23:00,sunday|public_holiday|monday|tuesday|wednesday|thursday|friday|saturday,up:default,unique,scheduled_departure_candidate,08:30-23:00 For Mon to Sun & Public Holidays,"Every 00, 30 ＃Every Mon - Fri at 08:30-17:30 will stop at University Health Centre (Except Public/University Holidays) Fare $5.5",Every Mon - Fri at 08:30-17:30 will stop at University Health Centre (Except Public/University Holidays) Fare $5.5
up:11:00:b0,up,Up,11:00,0,0,08:30–23:00,sunday|public_holiday|monday|tuesday|wednesday|thursday|friday|saturday,up:default,unique,scheduled_departure_candidate,08:30-23:00 For Mon to Sun & Public Holidays,"Every 00, 30 ＃Every Mon - Fri at 08:30-17:30 will stop at University Health Centre (Except Public/University Holidays) Fare $5.5",Every Mon - Fri at 08:30-17:30 will stop at University Health Centre (Except Public/University Holidays) Fare $5.5
up:11:30:b0,up,Up,11:30,30,0,08:30–23:00,sunday|public_holiday|monday|tuesday|wednesday|thursday|friday|saturday,up:default,unique,scheduled_departure_candidate,08:30-23:00 For Mon to Sun & Public Holidays,"Every 00, 30 ＃Every Mon - Fri at 08:30-17:30 will stop at University Health Centre (Except Public/University Holidays) Fare $5.5",Every Mon - Fri at 08:30-17:30 will stop at University Health Centre (Except Public/University Holidays) Fare $5.5
up:12:00:b0,up,Up,12:00,0,0,08:30–23:00,sunday|public_holiday|monday|tuesday|wednesday|thursday|friday|saturday,up:default,unique,scheduled_departure_candidate,08:30-23:00 For Mon to Sun & Public Holidays,"Every 00, 30 ＃Every Mon - Fri at 08:30-17:30 will stop at University Health Centre (Except Public/University Holidays) Fare $5.5",Every Mon - Fri at 08:30-17:30 will stop at University Health Centre (Except Public/University Holidays) Fare $5.5
up:12:30:b0,up,Up,12:30,30,0,08:30–23:00,sunday|public_holiday|monday|tuesday|wednesday|thursday|friday|saturday,up:default,unique,scheduled_departure_candidate,08:30-23:00 For Mon to Sun & Public Holidays,"Every 00, 30 ＃Every Mon - Fri at 08:30-17:30 will stop at University Health Centre (Except Public/University Holidays) Fare $5.5",Every Mon - Fri at 08:30-17:30 will stop at University Health Centre (Except Public/University Holidays) Fare $5.5
up:13:00:b0,up,Up,13:00,0,0,08:30–23:00,sunday|public_holiday|monday|tuesday|wednesday|thursday|friday|saturday,up:default,unique,scheduled_departure_candidate,08:30-23:00 For Mon to Sun & Public Holidays,"Every 00, 30 ＃Every Mon - Fri at 08:30-17:30 will stop at University Health Centre (Except Public/University Holidays) Fare $5.5",Every Mon - Fri at 08:30-17:30 will stop at University Health Centre (Except Public/University Holidays) Fare $5.5
up:13:30:b0,up,Up,13:30,30,0,08:30–23:00,sunday|public_holiday|monday|tuesday|wednesday|thursday|friday|saturday,up:default,unique,scheduled_departure_candidate,08:30-23:00 For Mon to Sun & Public Holidays,"Every 00, 30 ＃Every Mon - Fri at 08:30-17:30 will stop at University Health Centre (Except Public/University Holidays) Fare $5.5",Every Mon - Fri at 08:30-17:30 will stop at University Health Centre (Except Public/University Holidays) Fare $5.5
up:14:00:b0,up,Up,14:00,0,0,08:30–23:00,sunday|public_holiday|monday|tuesday|wednesday|thursday|friday|saturday,up:default,unique,scheduled_departure_candidate,08:30-23:00 For Mon to Sun & Public Holidays,"Every 00, 30 ＃Every Mon - Fri at 08:30-17:30 will stop at University Health Centre (Except Public/University Holidays) Fare $5.5",Every Mon - Fri at 08:30-17:30 will stop at University Health Centre (Except Public/University Holidays) Fare $5.5
up:14:30:b0,up,Up,14:30,30,0,08:30–23:00,sunday|public_holiday|monday|tuesday|wednesday|thursday|friday|saturday,up:default,unique,scheduled_departure_candidate,08:30-23:00 For Mon to Sun & Public Holidays,"Every 00, 30 ＃Every Mon - Fri at 08:30-17:30 will stop at University Health Centre (Except Public/University Holidays) Fare $5.5",Every Mon - Fri at 08:30-17:30 will stop at University Health Centre (Except Public/University Holidays) Fare $5.5
up:15:00:b0,up,Up,15:00,0,0,08:30–23:00,sunday|public_holiday|monday|tuesday|wednesday|thursday|friday|saturday,up:default,unique,scheduled_departure_candidate,08:30-23:00 For Mon to Sun & Public Holidays,"Every 00, 30 ＃Every Mon - Fri at 08:30-17:30 will stop at University Health Centre (Except Public/University Holidays) Fare $5.5",Every Mon - Fri at 08:30-17:30 will stop at University Health Centre (Except Public/University Holidays) Fare $5.5
up:15:30:b0,up,Up,15:30,30,0,08:30–23:00,sunday|public_holiday|monday|tuesday|wednesday|thursday|friday|saturday,up:default,unique,scheduled_departure_candidate,08:30-23:00 For Mon to Sun & Public Holidays,"Every 00, 30 ＃Every Mon - Fri at 08:30-17:30 will stop at University Health Centre (Except Public/University Holidays) Fare $5.5",Every Mon - Fri at 08:30-17:30 will stop at University Health Centre (Except Public/University Holidays) Fare $5.5
up:16:00:b0,up,Up,16:00,0,0,08:30–23:00,sunday|public_holiday|monday|tuesday|wednesday|thursday|friday|saturday,up:default,unique,scheduled_departure_candidate,08:30-23:00 For Mon to Sun & Public Holidays,"Every 00, 30 ＃Every Mon - Fri at 08:30-17:30 will stop at University Health Centre (Except Public/University Holidays) Fare $5.5",Every Mon - Fri at 08:30-17:30 will stop at University Health Centre (Except Public/University Holidays) Fare $5.5
up:16:30:b0,up,Up,16:30,30,0,08:30–23:00,sunday|public_holiday|monday|tuesday|wednesday|thursday|friday|saturday,up:default,unique,scheduled_departure_candidate,08:30-23:00 For Mon to Sun & Public Holidays,"Every 00, 30 ＃Every Mon - Fri at 08:30-17:30 will stop at University Health Centre (Except Public/University Holidays) Fare $5.5",Every Mon - Fri at 08:30-17:30 will stop at University Health Centre (Except Public/University Holidays) Fare $5.5
up:17:00:b0,up,Up,17:00,0,0,08:30–23:00,sunday|public_holiday|monday|tuesday|wednesday|thursday|friday|saturday,up:default,unique,scheduled_departure_candidate,08:30-23:00 For Mon to Sun & Public Holidays,"Every 00, 30 ＃Every Mon - Fri at 08:30-17:30 will stop at University Health Centre (Except Public/University Holidays) Fare $5.5",Every Mon - Fri at 08:30-17:30 will stop at University Health Centre (Except Public/University Holidays) Fare $5.5
up:17:30:b0,up,Up,17:30,30,0,08:30–23:00,sunday|public_holiday|monday|tuesday|wednesday|thursday|friday|saturday,up:default,unique,scheduled_departure_candidate,08:30-23:00 For Mon to Sun & Public Holidays,"Every 00, 30 ＃Every Mon - Fri at 08:30-17:30 will stop at University Health Centre (Except Public/University Holidays) Fare $5.5",Every Mon - Fri at 08:30-17:30 will stop at University Health Centre (Except Public/University Holidays) Fare $5.5
up:18:00:b0,up,Up,18:00,0,0,08:30–23:00,sunday|public_holiday|monday|tuesday|wednesday|thursday|friday|saturday,up:default,unique,scheduled_departure_candidate,08:30-23:00 For Mon to Sun & Public Holidays,"Every 00, 30 ＃Every Mon - Fri at 08:30-17:30 will stop at University Health Centre (Except Public/University Holidays) Fare $5.5",Every Mon - Fri at 08:30-17:30 will stop at University Health Centre (Except Public/University Holidays) Fare $5.5
up:18:30:b0,up,Up,18:30,30,0,08:30–23:00,sunday|public_holiday|monday|tuesday|wednesday|thursday|friday|saturday,up:default,unique,scheduled_departure_candidate,08:30-23:00 For Mon to Sun & Public Holidays,"Every 00, 30 ＃Every Mon - Fri at 08:30-17:30 will stop at University Health Centre (Except Public/University Holidays) Fare $5.5",Every Mon - Fri at 08:30-17:30 will stop at University Health Centre (Except Public/University Holidays) Fare $5.5
up:19:00:b0,up,Up,19:00,0,0,08:30–23:00,sunday|public_holiday|monday|tuesday|wednesday|thursday|friday|saturday,up:default,unique,scheduled_departure_candidate,08:30-23:00 For Mon to Sun & Public Holidays,"Every 00, 30 ＃Every Mon - Fri at 08:30-17:30 will stop at University Health Centre (Except Public/University Holidays) Fare $5.5",Every Mon - Fri at 08:30-17:30 will stop at University Health Centre (Except Public/University Holidays) Fare $5.5
up:19:30:b0,up,Up,19:30,30,0,08:30–23:00,sunday|public_holiday|monday|tuesday|wednesday|thursday|friday|saturday,up:default,unique,scheduled_departure_candidate,08:30-23:00 For Mon to Sun & Public Holidays,"Every 00, 30 ＃Every Mon - Fri at 08:30-17:30 will stop at University Health Centre (Except Public/University Holidays) Fare $5.5",Every Mon - Fri at 08:30-17:30 will stop at University Health Centre (Except Public/University Holidays) Fare $5.5
up:20:00:b0,up,Up,20:00,0,0,08:30–23:00,sunday|public_holiday|monday|tuesday|wednesday|thursday|friday|saturday,up:default,unique,scheduled_departure_candidate,08:30-23:00 For Mon to Sun & Public Holidays,"Every 00, 30 ＃Every Mon - Fri at 08:30-17:30 will stop at University Health Centre (Except Public/University Holidays) Fare $5.5",Every Mon - Fri at 08:30-17:30 will stop at University Health Centre (Except Public/University Holidays) Fare $5.5
up:20:30:b0,up,Up,20:30,30,0,08:30–23:00,sunday|public_holiday|monday|tuesday|wednesday|thursday|friday|saturday,up:default,unique,scheduled_departure_candidate,08:30-23:00 For Mon to Sun & Public Holidays,"Every 00, 30 ＃Every Mon - Fri at 08:30-17:30 will stop at University Health Centre (Except Public/University Holidays) Fare $5.5",Every Mon - Fri at 08:30-17:30 will stop at University Health Centre (Except Public/University Holidays) Fare $5.5
up:21:00:b0,up,Up,21:00,0,0,08:30–23:00,sunday|public_holiday|monday|tuesday|wednesday|thursday|friday|saturday,up:default,unique,scheduled_departure_candidate,08:30-23:00 For Mon to Sun & Public Holidays,"Every 00, 30 ＃Every Mon - Fri at 08:30-17:30 will stop at University Health Centre (Except Public/University Holidays) Fare $5.5",Every Mon - Fri at 08:30-17:30 will stop at University Health Centre (Except Public/University Holidays) Fare $5.5
up:21:30:b0,up,Up,21:30,30,0,08:30–23:00,sunday|public_holiday|monday|tuesday|wednesday|thursday|friday|saturday,up:default,unique,scheduled_departure_candidate,08:30-23:00 For Mon to Sun & Public Holidays,"Every 00, 30 ＃Every Mon - Fri at 08:30-17:30 will stop at University Health Centre (Except Public/University Holidays) Fare $5.5",Every Mon - Fri at 08:30-17:30 will stop at University Health Centre (Except Public/University Holidays) Fare $5.5
up:22:00:b0,up,Up,22:00,0,0,08:30–23:00,sunday|public_holiday|monday|tuesday|wednesday|thursday|friday|saturday,up:default,unique,scheduled_departure_candidate,08:30-23:00 For Mon to Sun & Public Holidays,"Every 00, 30 ＃Every Mon - Fri at 08:30-17:30 will stop at University Health Centre (Except Public/University Holidays) Fare $5.5",Every Mon - Fri at 08:30-17:30 will stop at University Health Centre (Except Public/University Holidays) Fare $5.5
up:22:30:b0,up,Up,22:30,30,0,08:30–23:00,sunday|public_holiday|monday|tuesday|wednesday|thursday|friday|saturday,up:default,unique,scheduled_departure_candidate,08:30-23:00 For Mon to Sun & Public Holidays,"Every 00, 30 ＃Every Mon - Fri at 08:30-17:30 will stop at University Health Centre (Except Public/University Holidays) Fare $5.5",Every Mon - Fri at 08:30-17:30 will stop at University Health Centre (Except Public/University Holidays) Fare $5.5
up:23:00:b0,up,Up,23:00,0,0,08:30–23:00,sunday|public_holiday|monday|tuesday|wednesday|thursday|friday|saturday,up:default,unique,scheduled_departure_candidate,08:30-23:00 For Mon to Sun & Public Holidays,"Every 00, 30 ＃Every Mon - Fri at 08:30-17:30 will stop at University Health Centre (Except Public/University Holidays) Fare $5.5",Every Mon - Fri at 08:30-17:30 will stop at University Health Centre (Except Public/University Holidays) Fare $5.5
